crisis_index,crisis_name,crisis_iso3,figure_name,figure_source,figure_value,figure_date,figure_url
1,Afghanistan,AFG,People in Need,OCHA,24400000,2022-01-11,https://reliefweb.int/node/3807067
1,Afghanistan,AFG,People Targeted for Assistance,OCHA,22100000,2022-01-11,https://reliefweb.int/node/3807067
1,Afghanistan,AFG,Children in Need,UNICEF,12900000,2021-12-07,https://reliefweb.int/node/3798486
1,Afghanistan,AFG,People in Food Crisis/Emergency (IPC phase 3+),IPC,18844000,2021-10-25,https://reliefweb.int/node/3785295
1,Afghanistan,AFG,Undocumented Afghan Returnees from Iran (per year),IOM,858956,2021-09-09,https://reliefweb.int/node/3775407
1,Afghanistan,AFG,Undocumented Afghan Returnees from Pakistan (per year),IOM,7933,2021-09-09,https://reliefweb.int/node/3775407
1,Afghanistan,AFG,Conflict-Induced Displacements (per year),OCHA,677000,2021-09-30,https://reliefweb.int/node/3785312
1,Afghanistan,AFG,Returnees from Iran (per year),OCHA,1240000,2021-12-31,https://reliefweb.int/node/3806788/
1,Afghanistan,AFG,Returnees from Pakistan (per year),OCHA,29000,2021-12-31,https://reliefweb.int/node/3806788/
1,Afghanistan,AFG,Civilians Killed and Injured (per year),UNAMA,5183,2021-06-30,https://reliefweb.int/node/3759087
1,Afghanistan,AFG,Civilians Killed (per year),UNAMA,1659,2021-06-30,https://reliefweb.int/node/3759087
1,Afghanistan,AFG,Civilians Injured (per year),UNAMA,3524,2021-06-30,https://reliefweb.int/node/3759087
1,Afghanistan,AFG,"KKA Incidents (Killed, Kidnapped and Arrested) against Aid Workers (per year)",Insecurity Insight,5,2021-09-30,https://reliefweb.int/node/3783254
1,Afghanistan,AFG,"Aid Workers affected by KKA Incidents (Killed, Kidnapped and Arrested per year)",Insecurity Insight,20,2021-09-30,https://reliefweb.int/node/3783254
1,Afghanistan,AFG,Aid Workers Killed (per year),Insecurity Insight,19,2021-09-30,https://reliefweb.int/node/3783254
1,Afghanistan,AFG,Aid Workers Kidnapped (per year),Insecurity Insight,1,2021-09-30,https://reliefweb.int/node/3783254
1,Afghanistan,AFG,Aid Workers Arrested (per year),Insecurity Insight,0,2021-09-30,https://reliefweb.int/node/3783254
1,Afghanistan,AFG,New Displacements by Conflict & Violence (per year),IDMC,404000,2020-12-31,https://reliefweb.int/node/3739697
1,Afghanistan,AFG,New Displacements by Disasters (per year),IDMC,46000,2020-12-31,https://reliefweb.int/node/3739697
2,Bangladesh,BGD,Rohingya Refugees in Need,ISCG,1360000,2021-05-11,https://reliefweb.int/node/3737484/
2,Bangladesh,BGD,People Targeted for Assistance in Cox's Bazar,ISCG,1360000,2021-05-11,https://reliefweb.int/node/3737484/
2,Bangladesh,BGD,Rohingya Children in Need,UNICEF,456713,2021-12-08,https://reliefweb.int/node/3798629/
2,Bangladesh,BGD,Newly Arrived Children from Myanmar in Need of Humanitarian Assistance,UNICEF,477797,2021-12-31,https://reliefweb.int/node/3814427
2,Bangladesh,BGD,Total Rohingya Refugees in Cox's Bazar,ISCG,1380708,2021-11-30,https://reliefweb.int/node/3806790
2,Bangladesh,BGD,Refugees in Kutupalong RC in Cox's Bazar,ISCG,17372,2021-11-30,https://reliefweb.int/node/3806790
2,Bangladesh,BGD,Refugees in Kutupalong Expansion Site in Cox's Bazar,ISCG,623040,2021-11-30,https://reliefweb.int/node/3806790
2,Bangladesh,BGD,Refugees in Camp 24 (Leda) in Cox's Bazar,ISCG,27311,2021-11-30,https://reliefweb.int/node/3806790
2,Bangladesh,BGD,Refugees in Camp 26 (Nayapara) in Cox's Bazar,ISCG,41620,2021-10-31,https://reliefweb.int/node/3793606/
2,Bangladesh,BGD,Refugees in Camp 27 (Jadimura) in Cox's Bazar,ISCG,16059,2021-11-30,https://reliefweb.int/node/3806790
2,Bangladesh,BGD,Refugees in Camp 25 (Ali Khali) in Cox's Bazar,ISCG,7844,2021-11-30,https://reliefweb.int/node/3806790
2,Bangladesh,BGD,Refugees in Camp 14 (Hakimpara) in Cox's Bazar,ISCG,33919,2021-11-30,https://reliefweb.int/node/3806790
2,Bangladesh,BGD,Refugees in Camp 15 (Jamtoli) in Cox's Bazar,ISCG,53407,2021-11-30,https://reliefweb.int/node/3806790
2,Bangladesh,BGD,Refugees in Camp 22 (Unchiprang) in Cox's Bazar,ISCG,22408,2021-11-30,https://reliefweb.int/node/3806790
2,Bangladesh,BGD,Refugees in Camp 16 (Bagghona/Potibonia) in Cox's Bazar,ISCG,21963,2021-11-30,https://reliefweb.int/node/3806790
2,Bangladesh,BGD,Refugees in Camp 21 (Chakmarkul) in Cox's Bazar,ISCG,17350,2021-11-30,https://reliefweb.int/node/3806790
2,Bangladesh,BGD,Refugees in Camp 23 (Shamlapur) in Cox's Bazar,ISCG,2289,2021-11-30,https://reliefweb.int/node/3806790
2,Bangladesh,BGD,Refugees Assisted with WFP Food Aid in Cox's Bazar,WFP,882000,2021-10-31,https://reliefweb.int/node/3794880
3,Burkina Faso,BFA,People in Need,OCHA,3500000,2021-12-02,https://reliefweb.int/node/3796720
3,Burkina Faso,BFA,People Targeted for Assistance,OCHA,3000000,2021-12-02,https://reliefweb.int/node/3796720
3,Burkina Faso,BFA,People in Food Crisis/Emergency (IPC Phase 3+),CILSS,2076319,2021-04-29,https://reliefweb.int/node/3734261
3,Burkina Faso,BFA,Children Acutely Malnourished,CILSS,699027,2022-01-20,https://reliefweb.int/node/3809853
3,Burkina Faso,BFA,Pregnant or Lactating Women Acutely Malnourished,IPC,163000,2022-01-20,https://reliefweb.int/node/3809853
3,Burkina Faso,BFA,Children in Need,UNICEF,2600000,2021-12-08,https://reliefweb.int/node/3798589
3,Burkina Faso,BFA,IDPs,UNHCR,1579976,2021-12-31,https://reliefweb.int/node/3811805
3,Burkina Faso,BFA,Children IDPs,UNICEF,868498,2021-08-31,https://reliefweb.int/node/3796257
3,Burkina Faso,BFA,Refugees in Burkina Faso,UNHCR,25008,2021-12-31,https://reliefweb.int/node/3807345
3,Burkina Faso,BFA,Malian Refugees in Burkina Faso,UNHCR,23173,2021-09-30,https://reliefweb.int/node/3784507
3,Burkina Faso,BFA,Schools Closed due to Insecurity,UNICEF,3280,2021-12-31,https://reliefweb.int/node/3810749
3,Burkina Faso,BFA,Students Affected by Closure of Schools,OCHA,305000,2021-09-30,https://reliefweb.int/node/3801095
3,Burkina Faso,BFA,Health Centres Closed,OCHA,47,2021-12-31,https://reliefweb.int/node/3810749
3,Burkina Faso,BFA,Health Centres with Reduced Service,OCHA,273,2021-09-30,https://reliefweb.int/node/3801095
3,Burkina Faso,BFA,People Affected by Closure of Health Centres,OCHA,844339,2021-09-30,https://reliefweb.int/node/3801095
3,Burkina Faso,BFA,Protection Indicents (per month),OCHA,156,2021-03-31,https://reliefweb.int/node/3752627
3,Burkina Faso,BFA,People Assisted with WFP Food Assistance (per month),WFP,978918,2021-12-31,https://reliefweb.int/node/3812128
3,Burkina Faso,BFA,New Displacements by Conflict & Violence (per year),IDMC,515000,2020-12-31,https://reliefweb.int/node/3739697
3,Burkina Faso,BFA,New Displacements by Disasters (per year),IDMC,20000,2020-12-31,https://reliefweb.int/node/3739697
4,Burundi,BDI,People in Need,OCHA,1800000,2021-12-02,https://reliefweb.int/node/3796720
4,Burundi,BDI,People Targeted for Assistance,OCHA,947000,2021-12-02,https://reliefweb.int/node/3796720
4,Burundi,BDI,Children in Need,OCHA,1300000,2021-12-07,https://reliefweb.int/node/3798559
4,Burundi,BDI,IDPs,IOM,115981,2021-11-30,https://reliefweb.int/node/3804732
4,Burundi,BDI,Refugees in Burundi,UNHCR,83862,2021-11-30,https://reliefweb.int/node/3804732
4,Burundi,BDI,DRC Refugees in Burundi,UNHCR,79662,2021-06-30,https://reliefweb.int/node/3759996
5,Cameroon,CMR,People in Need,OCHA,4000000,2021-12-02,https://reliefweb.int/node/3796720
5,Cameroon,CMR,People Targeted for Assistance,OCHA,2800000,2021-12-02,https://reliefweb.int/node/3796720
5,Cameroon,CMR,Children in Need,UNICEF,2300000,2021-12-08,https://reliefweb.int/node/3798594
5,Cameroon,CMR,People in Food Crisis/Emergency (IPC Phase 3+),IPC,2625472,2021-04-29,https://reliefweb.int/node/3734261
5,Cameroon,CMR,Refugees & Asylum-Seekers in Cameroon,UNHCR,475674,2022-01-31,https://reliefweb.int/node/3815953
5,Cameroon,CMR,Refugee & Asylum-Seeker Arrivals in Cameroon (per year),UNHCR,19988,2021-12-31,https://reliefweb.int/node/3806128
5,Cameroon,CMR,CAR Refugees in Cameroon,UNHCR,343548,2022-01-31,https://reliefweb.int/node/3815953
5,Cameroon,CMR,Nigerian Refugees in Cameroon,UNHCR,121539,2022-01-31,https://reliefweb.int/node/3815953
5,Cameroon,CMR,Cameroonian Refugees in Nigeria,UNHCR,69400,2021-10-31,https://reliefweb.int/node/3800915
5,Cameroon,CMR,Cameroonian Refugees & Asylum-Seekers in Chad,UNHCR,43624,2022-01-31,https://reliefweb.int/node/3817002
5,Cameroon,CMR,IDPs in North-West & South-West Regions,OCHA,573900,2021-11-30,https://reliefweb.int/node/3808389
5,Cameroon,CMR,IDPs,UNHCR,933138,2022-01-31,https://reliefweb.int/node/3815953
5,Cameroon,CMR,Returnees,UNHCR,518853,2022-01-31,https://reliefweb.int/node/3815953
5,Cameroon,CMR,IDPs in Far North,IOM,544885,2021-07-18,https://reliefweb.int/node/3794094
5,Cameroon,CMR,Returnees in Far North,IOM,135257,2021-07-18,https://reliefweb.int/node/3794094
5,Cameroon,CMR,Out-of-camp Refugees in Far North,IOM,48902,2021-03-31,https://reliefweb.int/node/3759738
5,Cameroon,CMR,Severely Malnourished Children in Lake Chad Basin Crisis Area,OCHA,50000,2022-01-17,https://reliefweb.int/node/3810755
5,Cameroon,CMR,People at Food Crisis/Emergency (IPC phase 3+) in the Lake Chad Basin Crisis Area,OCHA,720000,2022-01-17,https://reliefweb.int/node/3810755
5,Cameroon,CMR,Schools Closed due to Insecurity,UNICEF,68,2022-01-17,https://reliefweb.int/node/3810755
5,Cameroon,CMR,Attacks on Health Care in the North-West and South-West Regions,WHO,29,2021-06-30,https://reliefweb.int/node/3762226
5,Cameroon,CMR,People Assisted with WFP Food Assistance (per month),WFP,611358,2021-10-31,https://reliefweb.int/node/3807151
5,Cameroon,CMR,New Displacements by Conflict & Violence (per year),IDMC,123000,2020-12-31,https://reliefweb.int/node/3739697
5,Cameroon,CMR,New Displacements by Disasters (per year),IDMC,116000,2020-12-31,https://reliefweb.int/node/3739697
6,Central African Republic,CAF,People in Need,OCHA,3100000,2022-01-21,https://reliefweb.int/node/3810285
6,Central African Republic,CAF,People Targeted for Assistance,OCHA,2000000,2022-01-21,https://reliefweb.int/node/3810285
6,Central African Republic,CAF,IDPs,CMP,691791,2021-12-31,https://reliefweb.int/node/3812644
6,Central African Republic,CAF,Children in Need,UNICEF,1400000,2021-12-08,https://reliefweb.int/node/3798297
6,Central African Republic,CAF,People in Food Crisis/Emergency (IPC Phase 3+),IPC,2095278,2021-10-29,https://reliefweb.int/node/3787095
6,Central African Republic,CAF,Children Acutely Malnourished,IPC,213897,2021-10-29,https://reliefweb.int/node/3787406
6,Central African Republic,CAF,Pregnant or Lactating Women Acutely Malnourished,IPC,98035,2021-10-29,https://reliefweb.int/node/3787406
6,Central African Republic,CAF,CAR Refugees in the Region,UNHCR,736416,2021-12-31,https://data2.unhcr.org/en/situations/car
6,Central African Republic,CAF,CAR Refugees in Cameroon,UNHCR,343548,2022-01-31,https://reliefweb.int/node/3815953
6,Central African Republic,CAF,CAR Refugees & Asylum-Seekers in Chad,UNHCR,121223,2022-01-31,https://reliefweb.int/node/3817002
6,Central African Republic,CAF,CAR Refugees in DRC,UNHCR,212630,2022-01-31,https://reliefweb.int/node/3817694
6,Central African Republic,CAF,CAR Refugees in South Sudan,UNHCR,2244,2021-04-30,https://reliefweb.int/node/3740871
6,Central African Republic,CAF,CAR Refugees & Asylum-Seekers in Sudan,UNHCR,27619,2021-12-31,https://reliefweb.int/node/3809902
6,Central African Republic,CAF,CAR Refugees in Republic of Congo,UNHCR,26594,2021-09-30,https://data2.unhcr.org/en/situations/car/location/476
6,Central African Republic,CAF,DRC Refugees & Asylum-Seekers in CAR,UNHCR,11331,2021-08-31,https://data2.unhcr.org/en/situations/drc/location/6287
6,Central African Republic,CAF,"KKA Incidents (Killed, Kidnapped and Arrested) against Aid Workers (per year)",Insecurity Insight,7,2021-09-30,https://reliefweb.int/node/3783254
6,Central African Republic,CAF,"Aid Workers affected by KKA Incidents (Killed, Kidnapped and Arrested per year)",Insecurity Insight,10,2021-09-30,https://reliefweb.int/node/3783254
6,Central African Republic,CAF,Aid Workers Killed (per year),Insecurity Insight,6,2021-09-30,https://reliefweb.int/node/3783254
6,Central African Republic,CAF,Aid Workers Kidnapped (per year),Insecurity Insight,4,2021-09-30,https://reliefweb.int/node/3783254
6,Central African Republic,CAF,Aid Workers Arrested (per year),Insecurity Insight,0,2021-09-30,https://reliefweb.int/node/3783254
6,Central African Republic,CAF,Incidents Affecting Humanitarian Organisations (per year),OCHA,396,2021-12-31,https://reliefweb.int/node/3807018
6,Central African Republic,CAF,Incidents Affecting Humanitarian Organisations (per month),OCHA,15,2021-12-31,https://reliefweb.int/node/3807018
6,Central African Republic,CAF,People Assisted with WFP Food Assistance (per month),WFP,608260,2021-11-30,https://reliefweb.int/node/3803776
6,Central African Republic,CAF,New Displacements by Conflict (per year),IDMC,318000,2020-12-31,https://reliefweb.int/node/3739697
6,Central African Republic,CAF,New Displacements by Natural Disasters (per year),IDMC,15000,2020-12-31,https://reliefweb.int/node/3739697
7,Chad,TCD,People in Need,OCHA,5500000,2021-12-02,https://reliefweb.int/node/3796720
7,Chad,TCD,People Targeted for Assistance,OCHA,3500000,2021-12-02,https://reliefweb.int/node/3796720
7,Chad,TCD,Children in Need,UNICEF,2700000,2021-12-08,https://reliefweb.int/node/3798614
7,Chad,TCD,People in Food Crisis/Emergency (IPC phase 3+),Government of Chad,1276191,2021-03-29,https://reliefweb.int/node/3730789
7,Chad,TCD,Children Acutely Malnourished,IPC,1668000,2021-12-23,https://reliefweb.int/node/3799992
7,Chad,TCD,Pregnant or Lactating Women Acutely Malnourished,IPC,248000,2021-12-23,https://reliefweb.int/node/3799992
7,Chad,TCD,IDPs,UNHCR,406573,2022-01-31,https://reliefweb.int/node/3817002
7,Chad,TCD,Refugees & Asylum-Seekers in Chad,UNHCR,565735,2022-01-31,https://reliefweb.int/node/3817002
7,Chad,TCD,Sudanese Refugees & Asylum-Seekers in Chad,UNHCR,378035,2022-01-31,https://reliefweb.int/node/3817002
7,Chad,TCD,CAR Refugees & Asylum-Seekers in Chad,UNHCR,121223,2022-01-31,https://reliefweb.int/node/3817002
7,Chad,TCD,Cameroonian Refugees & Asylum-Seekers in Chad,UNHCR,43624,2022-01-31,https://reliefweb.int/node/3817002
7,Chad,TCD,Nigerian Refugees & Asylum-Seekers in Chad,UNHCR,19655,2022-01-31,https://reliefweb.int/node/3817002
7,Chad,TCD,Chadian Refugees & Asylum-Seekers in Sudan,UNHCR,3934,2021-12-31,https://reliefweb.int/node/3809902
7,Chad,TCD,Protection Incidents in Lac Region (per year),UNHCR,1544,2021-12-31,https://reliefweb.int/node/3817656
7,Chad,TCD,Protection Incidents in Lac Region (per month),UNHCR,98,2021-12-31,https://reliefweb.int/node/3817656
7,Chad,TCD,Severely Malnourished Children in Lake Chad Basin Crisis Area,OCHA,30000,2022-01-17,https://reliefweb.int/node/3810755
7,Chad,TCD,People at Food Crisis/Emergency (IPC phase 3+) in the Lake Chad Basin Crisis Area,OCHA,110000,2022-01-17,https://reliefweb.int/node/3810755
7,Chad,TCD,Non-Functional Schools,OCHA,10,2022-01-17,https://reliefweb.int/node/3810755
7,Chad,TCD,Children under 5 with Severe Acute Malnutrition,OCHA,401090,2021-03-31,https://reliefweb.int/node/3735814
7,Chad,TCD,People Assisted with WFP Food Assistance (per month),WFP,441065,2021-11-30,https://reliefweb.int/node/3805463
7,Chad,TCD,New Displacements by Conflict & Violence (per year),IDMC,79000,2020-12-31,https://reliefweb.int/node/3739697
7,Chad,TCD,New Displacements by Disasters (per year),IDMC,71000,2020-12-31,https://reliefweb.int/node/3739697
8,Colombia,COL,People in Need,OCHA,7700000,2021-12-02,https://reliefweb.int/node/3796720
8,Colombia,COL,People Targeted for Assistance,OCHA,2000000,2021-12-02,https://reliefweb.int/node/3796720
8,Colombia,COL,Children in Need,OCHA,2300000,2021-04-26,https://reliefweb.int/node/3733288
8,Colombia,COL,Venezuelan Refugees and Migrants in Colombia,R4V,1840000,2021-11-25,https://reliefweb.int/node/3795088
8,Colombia,COL,New Displacements by Conflict and Violence (per year),IDMC,106000,2020-12-31,https://reliefweb.int/node/3739697
8,Colombia,COL,New Displacements by Disasters (per year),IDMC,64000,2020-12-31,https://reliefweb.int/node/3739697
8,Colombia,COL,People Receiving WFP Food Assistance (per month),WFP,409696,2021-12-31,https://reliefweb.int/node/3722797
9,Democratic Republic of the Congo,COD,People in Need,OCHA,27000000,2021-12-02,https://reliefweb.int/node/3796720
9,Democratic Republic of the Congo,COD,People Targeted for Assistance,OCHA,8800000,2021-12-02,https://reliefweb.int/node/3796720
9,Democratic Republic of the Congo,COD,Chidren in Need,UNICEF,11500000,2020-12-14,https://reliefweb.int/node/3697475
9,Democratic Republic of the Congo,COD,People in Food Crisis/Emergency (IPC phase 3+),IPC,27020164,2021-11-10,https://reliefweb.int/node/3790310
9,Democratic Republic of the Congo,COD,Acutely Malnourished Children,IPC,857000,2021-11-10,https://reliefweb.int/node/3790310
9,Democratic Republic of the Congo,COD,Pregnant or Lactating Women Acutely Malnourished,IPC,468000,2021-11-10,https://reliefweb.int/node/3790310
9,Democratic Republic of the Congo,COD,IDPs,OCHA,5610000,2021-11-30,https://reliefweb.int/node/3810375
9,Democratic Republic of the Congo,COD,Children IDPs,OCHA,3300000,2021-11-30,https://reliefweb.int/node/3801329
9,Democratic Republic of the Congo,COD,Returnees,OCHA,2940000,2021-11-30,https://reliefweb.int/node/3805228
9,Democratic Republic of the Congo,COD,Refugees & Asylum-Seekers in DRC,UNHCR,524125,2022-01-31,https://reliefweb.int/node/3817694
9,Democratic Republic of the Congo,COD,Biometrically Registered Refugees in DRC,UNHCR,232366,2022-01-31,https://reliefweb.int/node/3817694
9,Democratic Republic of the Congo,COD,CAR Refugees in DRC,UNHCR,212630,2022-01-31,https://reliefweb.int/node/3817694
9,Democratic Republic of the Congo,COD,Rwandan Refugees in DRC,UNHCR,210978,2022-01-31,https://reliefweb.int/node/3817694
9,Democratic Republic of the Congo,COD,S. Sudanese Refugees in DRC,UNHCR,56341,2022-01-31,https://reliefweb.int/node/3817694
9,Democratic Republic of the Congo,COD,Burundian Refugees in DRC,UNHCR,40762,2022-01-31,https://reliefweb.int/node/3817694
9,Democratic Republic of the Congo,COD,DRC Refugees & Asylum-Seekers,UNHCR,1069797,2021-12-31,https://reliefweb.int/node/3810375/
9,Democratic Republic of the Congo,COD,DRC Refugees & Asylum-Seekers in Uganda,UNHCR,449863,2021-10-31,https://reliefweb.int/node/3796144
9,Democratic Republic of the Congo,COD,DRC Refugees in Southern Africa,UNHCR,121196,2021-06-30,https://reliefweb.int/node/3759996
9,Democratic Republic of the Congo,COD,DRC Refugees in Burundi,UNHCR,79662,2021-06-30,https://reliefweb.int/node/3759996
9,Democratic Republic of the Congo,COD,DRC Refugees in Tanzania,UNHCR,79002,2021-06-30,https://reliefweb.int/node/3759996
9,Democratic Republic of the Congo,COD,DRC Refugees & Asylum-Seekers in Rwanda,UNHCR,74836,2021-06-30,https://reliefweb.int/node/3759996
9,Democratic Republic of the Congo,COD,DRC Refugees & Asylum-Seekers in Zambia,UNHCR,63681,2021-10-31,https://reliefweb.int/node/3796929
9,Democratic Republic of the Congo,COD,DRC Refugees & Asylum-Seekers in Kenya,UNHCR,48262,2021-10-31,https://reliefweb.int/node/3789465
9,Democratic Republic of the Congo,COD,DRC Refugees in Republic of Congo,UNHCR,20371,2021-06-30,https://reliefweb.int/node/3759996
9,Democratic Republic of the Congo,COD,DRC Refugees in South Sudan,UNHCR,16821,2021-04-30,https://reliefweb.int/node/3740871
9,Democratic Republic of the Congo,COD,DRC Refugees in Malawi,UNHCR,31409,2021-06-30,https://data2.unhcr.org/en/situations/drc/location/7073
9,Democratic Republic of the Congo,COD,DRC Refugees in Zimbabwe,UNHCR,12020,2021-08-31,https://reliefweb.int/node/3778376
9,Democratic Republic of the Congo,COD,DRC Refugees & Asylum-Seekers in CAR,UNHCR,11331,2021-08-31,https://data2.unhcr.org/en/situations/drc/location/6287
9,Democratic Republic of the Congo,COD,DRC Refugees & Asylum-Seekers in Angola,UNHCR,23694,2022-01-31,https://reliefweb.int/node/3814496
9,Democratic Republic of the Congo,COD,Schools Closed due to Insecurity,UNICEF,311,2019-09-30,https://m.reliefweb.int/report/3469288
9,Democratic Republic of the Congo,COD,"KKA Incidents (Killed, Kidnapped and Arrested) against Aid Workers (per year)",Insecurity Insight,7,2021-09-30,https://reliefweb.int/node/3783254
9,Democratic Republic of the Congo,COD,"Aid Workers affected by KKA Incidents (Killed, Kidnapped and Arrested per year)",Insecurity Insight,12,2021-09-30,https://reliefweb.int/node/3783254
9,Democratic Republic of the Congo,COD,Aid Workers Killed (per year),Insecurity Insight,2,2021-09-30,https://reliefweb.int/node/3783254
9,Democratic Republic of the Congo,COD,Aid Workers Kidnapped (per year),Insecurity Insight,8,2021-09-30,https://reliefweb.int/node/3783254
9,Democratic Republic of the Congo,COD,Aid Workers Arrested (per year),Insecurity Insight,2,2021-09-30,https://reliefweb.int/node/3783254
9,Democratic Republic of the Congo,COD,Children with Severe Acute Malnutrition,UNICEF,1400000,2019-01-31,https://m.reliefweb.int/report/3245339
9,Democratic Republic of the Congo,COD,Incidents Affecting Humanitarian Organisations (per year),OCHA,260,2021-10-31,https://reliefweb.int/node/3792104
9,Democratic Republic of the Congo,COD,Incidents Affecting Humanitarian Organisations (per month),OCHA,21,2021-10-31,https://reliefweb.int/node/3792104
9,Democratic Republic of the Congo,COD,North Kivu: Incidents Affecting Humanitarian Organisations (per month),OCHA,2,2021-10-31,https://reliefweb.int/node/3793299
9,Democratic Republic of the Congo,COD,North Kivu: Incidents Affecting Humanitarian Organisations (per year),OCHA,72,2021-10-31,https://reliefweb.int/node/3793299
9,Democratic Republic of the Congo,COD,People Received WFP Food Assistance (per month),WFP,1701900,2021-12-31,https://reliefweb.int/node/3812370
9,Democratic Republic of the Congo,COD,New Displacements by Conflict & Violence (per year),IDMC,2209000,2020-12-31,https://reliefweb.int/node/3739697
9,Democratic Republic of the Congo,COD,New Displacements by Disasters (per year),IDMC,279000,2020-12-31,https://reliefweb.int/node/3739697
10,Ethiopia,ETH,People in Need,Government of Ethiopia,25900000,2021-12-02,https://reliefweb.int/node/3796720
10,Ethiopia,ETH,People Targeted for Assistance,Government of Ethiopia,22300000,2021-12-02,https://reliefweb.int/node/3796720
10,Ethiopia,ETH,Children in Need of Treatment for Severe Acute Malnutrition,OCHA,687000,2020-08-31,https://reliefweb.int/node/3666569
10,Ethiopia,ETH,Children in Need,UNICEF,14000000,2021-10-13,https://reliefweb.int/node/3782155
10,Ethiopia,ETH,People in Food Crisis/Emergency (IPC phase 3+),IPC,8609537,2020-12-10,https://reliefweb.int/node/3695911
10,Ethiopia,ETH,"People in Food Crisis/Emergency (IPC phase 3+) in Tigray, Afar & Amhara",IPC,5522943,2021-06-10,https://reliefweb.int/node/3746208
10,Ethiopia,ETH,"IDPs in Northern Ethiopia (Tigray, Amhara & Afar regions)",IOM,2105387,2021-06-26,https://reliefweb.int/node/3764918
10,Ethiopia,ETH,IDPs,IOM,4239636,2021-09-30,https://reliefweb.int/node/3800545
10,Ethiopia,ETH,Conflict Displaced IDPs,IOM,3589421,2021-09-30,https://reliefweb.int/node/3800545
10,Ethiopia,ETH,Drought Displaced IDPs,IOM,307871,2021-09-30,https://reliefweb.int/node/3800545
10,Ethiopia,ETH,Seasonal Flood Affected IDPs,IOM,139199,2021-09-30,https://reliefweb.int/node/3800545
10,Ethiopia,ETH,Refugees & Asylum-Seekers in Ethiopia,UNHCR,823959,2021-12-31,https://reliefweb.int/node/3809431
10,Ethiopia,ETH,S. Sudanese Refugees & Asylum-Seekers in Ethiopia,UNHCR,386874,2021-12-31,https://reliefweb.int/node/3809431
10,Ethiopia,ETH,Somali Refugees & Asylum-Seekers in Ethiopia,UNHCR,223041,2021-12-31,https://reliefweb.int/node/3809431
10,Ethiopia,ETH,Eritrean Refugees & Asylum-Seekers in Ethiopia,UNHCR,158521,2021-12-31,https://reliefweb.int/node/3809431
10,Ethiopia,ETH,Sudanese Refugees and Asylum-seekers in Ethiopia,UNHCR,46433,2021-12-31,https://reliefweb.int/node/3809431
10,Ethiopia,ETH,Yemeni Refugees and Asylum-seekers in Ethiopia,UNHCR,2490,2021-12-31,https://reliefweb.int/node/3809431
10,Ethiopia,ETH,Humanitarian Access Incidents (per month),OCHA,241,2021-12-31,https://reliefweb.int/node/3809552
10,Ethiopia,ETH,Humanitarian Access Incidents (per year),OCHA,1495,2021-06-30,https://reliefweb.int/node/3763255
10,Ethiopia,ETH,Northern Ethiopia: Humanitarian Access Incidents (per month),OCHA,7,2022-01-31,https://reliefweb.int/node/3818051
10,Ethiopia,ETH,Northern Ethiopia: Humanitarian Access Incidents (since Nov 2020),OCHA,228,2022-01-31,https://reliefweb.int/node/3818051
10,Ethiopia,ETH,Northern Ethiopia: Aid Workers Killed (per month),OCHA,1,2022-01-31,https://reliefweb.int/node/3818051
10,Ethiopia,ETH,Northern Ethiopia: Aid Workers Killed (since Nov 2020),OCHA,25,2022-01-31,https://reliefweb.int/node/3818051
10,Ethiopia,ETH,New Displacements by Conflict (per year),IDMC,1692000,2020-12-31,https://reliefweb.int/node/3739697
10,Ethiopia,ETH,New Displacements by Disasters (per year),IDMC,664000,2020-12-31,https://reliefweb.int/node/3739697
10,Ethiopia,ETH,People Received WFP Food Assistance (per month),WFP,3090000,2021-11-30,https://reliefweb.int/node/3810317
11,Haiti,HTI,People in Need,OCHA,4900000,2021-12-02,https://reliefweb.int/node/3796720
11,Haiti,HTI,People Targeted for Assistance,OCHA,2500000,2021-12-02,https://reliefweb.int/node/3796720
11,Haiti,HTI,Children in Need,UNICEF,681500,2019-01-29,https://m.reliefweb.int/report/2970719
11,Haiti,HTI,People Affected by Earthquake,OCHA,800000,2021-11-29,https://reliefweb.int/node/3796828
11,Haiti,HTI,People in Need of Humanitarian Assistance by Earthquake,OCHA,650000,2021-11-29,https://reliefweb.int/node/3796828
11,Haiti,HTI,People Dead by Earthquake,OCHA,2246,2021-11-29,https://reliefweb.int/node/3796828
11,Haiti,HTI,People in Food Crisis/Emergency (IPC phase 3+),IPC,4334000,2021-09-24,https://reliefweb.int/node/3777218
11,Haiti,HTI,New Displacements by Conflict & Violence (per year),IDMC,7900,2020-12-31,https://reliefweb.int/node/3739697
11,Haiti,HTI,New Displacements by Disasters (per year),IDMC,13000,2020-12-31,https://reliefweb.int/node/3739697
12,Iraq,IRQ,People in Need,OCHA,2500000,2021-12-02,https://reliefweb.int/node/3796720
12,Iraq,IRQ,People Targeted for Assistance,OCHA,990000,2021-12-02,https://reliefweb.int/node/3796720
12,Iraq,IRQ,People in Acute Need,OCHA,2400000,2021-03-09,https://reliefweb.int/node/3719933
12,Iraq,IRQ,Children in Need,UNICEF,1100000,2021-12-08,https://reliefweb.int/node/3798554
12,Iraq,IRQ,IDPs,IOM,1186556,2021-12-31,https://reliefweb.int/node/3816303
12,Iraq,IRQ,Returnees,IOM,4952232,2021-12-31,https://reliefweb.int/node/3816303
12,Iraq,IRQ,IDPs in Ninewa Governorate,IOM,253503,2021-12-31,https://reliefweb.int/node/3816303
12,Iraq,IRQ,IDPs in Dahuk Governorate,IOM,249165,2021-12-31,https://reliefweb.int/node/3816303
12,Iraq,IRQ,IDPs in Erbil Governorate,IOM,232535,2021-12-31,https://reliefweb.int/node/3816303
12,Iraq,IRQ,IDPs in Sulaymaniyah Governorate,IOM,141138,2021-12-31,https://reliefweb.int/node/3816303
12,Iraq,IRQ,IDPs in Kirkuk Governorate,IOM,91080,2021-12-31,https://reliefweb.int/node/3816303
12,Iraq,IRQ,IDPs in Salah Al-Din Governorate,IOM,56874,2021-12-31,https://reliefweb.int/node/3816303
12,Iraq,IRQ,IDPs in Diyala Governorate,IOM,44775,2021-12-31,https://reliefweb.int/node/3816303
12,Iraq,IRQ,IDPs in Anbar Governorate,IOM,35484,2021-12-31,https://reliefweb.int/node/3816303
12,Iraq,IRQ,IDPs in Baghdad Governorate,IOM,26430,2021-12-31,https://reliefweb.int/node/3816303
12,Iraq,IRQ,IDPs in Babylon Governorate,IOM,16500,2021-12-31,https://reliefweb.int/node/3816303
12,Iraq,IRQ,IDPs in Kerbala Governorate,IOM,10998,2021-12-31,https://reliefweb.int/node/3816303
12,Iraq,IRQ,IDPs in Najaf Governorate,IOM,8868,2021-12-31,https://reliefweb.int/node/3816303
12,Iraq,IRQ,Syrian Refugees in Iraq,UNHCR,256006,2022-01-31,https://reliefweb.int/node/3817493
12,Iraq,IRQ,Non-Syrian Refugees in Iraq,UNHCR,38790,2022-01-31,https://reliefweb.int/node/3817370
12,Iraq,IRQ,Stateless People,UNHCR,47000,2022-01-31,https://reliefweb.int/node/3817370
12,Iraq,IRQ,Iraqi Refugees in Jordan,UNHCR,66221,2022-01-31,https://reliefweb.int/node/3815489
12,Iraq,IRQ,Iraqi Refugees in Turkey,UNHCR,142000,2020-02-29,https://reliefweb.int/node/3553353
12,Iraq,IRQ,"KKA Incidents (Killed, Kidnapped and Arrested) against Aid Workers (per year)",Insecurity Insight,0,2021-03-09,https://reliefweb.int/node/3722215
12,Iraq,IRQ,"Aid Workers affected by KKA Incidents (Killed, Kidnapped and Arrested per year)",Insecurity Insight,0,2021-03-09,https://reliefweb.int/node/3722215
12,Iraq,IRQ,Aid Workers Killed (per year),Insecurity Insight,0,2021-03-09,https://reliefweb.int/node/3722215
12,Iraq,IRQ,Aid Workers Kidnapped (per year),Insecurity Insight,0,2021-03-09,https://reliefweb.int/node/3722215
12,Iraq,IRQ,Aid Workers Arrested (per year),Insecurity Insight,0,2021-03-09,https://reliefweb.int/node/3722215
12,Iraq,IRQ,People Received WFP Food Assistance (per month),WFP,287800,2021-09-30,https://reliefweb.int/node/3790437
12,Iraq,IRQ,New Displacements by Conflict & Violence (per year),IDMC,67000,2020-12-31,https://reliefweb.int/node/3739697
12,Iraq,IRQ,New Displacements by Disasters (per year),IDMC,1200,2020-12-31,https://reliefweb.int/node/3739697
13,Kenya,KEN,Children in Need,UNICEF,4800000,2021-12-07,https://reliefweb.int/node/3798567
13,Kenya,KEN,Food Insecure People,Government of Kenya,2147839,2021-09-24,https://reliefweb.int/node/3777113
13,Kenya,KEN,Children Acutely Malnourished,IPC,542000,2021-04-08,https://reliefweb.int/node/3728227
13,Kenya,KEN,Pregnant/Lactating Women Acutely Malnourished,IPC,99000,2021-04-08,https://reliefweb.int/node/3728227
13,Kenya,KEN,Refugees & Asylum-Seekers in Kenya,UNHCR,539084,2021-10-31,https://reliefweb.int/node/3789465
13,Kenya,KEN,Somali Refugees & Asylum-Seekers in Kenya,UNHCR,289959,2021-11-30,https://reliefweb.int/node/3804752
13,Kenya,KEN,S. Sudanese Refugees & Asylum-Seekers in Kenya,UNHCR,135352,2021-12-31,https://reliefweb.int/node/3812158
13,Kenya,KEN,DRC Refugees & Asylum-Seekers in Kenya,UNHCR,48262,2021-10-31,https://reliefweb.int/node/3789465
13,Kenya,KEN,Ethiopian Refugees & Asylum-Seekers in Kenya,UNHCR,30317,2021-10-31,https://reliefweb.int/node/3789465
13,Kenya,KEN,Burundian Refugees & Asylum seekers in Kenya,UNHCR,19203,2021-10-31,https://reliefweb.int/node/3789465
13,Kenya,KEN,Sudanese Refugees & Asylum-Seekers in Kenya,UNHCR,10493,2021-10-31,https://reliefweb.int/node/3789465
13,Kenya,KEN,New Displacements by Conflict & Violence (per year),IDMC,3900,2020-12-31,https://reliefweb.int/node/3739697
13,Kenya,KEN,New Displacements by Disasters (per year),IDMC,335000,2020-12-31,https://reliefweb.int/node/3739697
14,Lebanon,LBN,People in Need,Government of Lebanon,3200000,2021-03-12,https://reliefweb.int/node/3720882
14,Lebanon,LBN,People Targeted for Assistance,Government of Lebanon,3000000,2021-03-12,https://reliefweb.int/node/3720882
14,Lebanon,LBN,People Targeted for Basic Assistance,Government of Lebanon,1651498,2021-03-12,https://reliefweb.int/node/3720882
14,Lebanon,LBN,People Targeted for Education Assistance,Government of Lebanon,528213,2021-03-12,https://reliefweb.int/node/3720882
14,Lebanon,LBN,People Targeted for Energy Assistance,Government of Lebanon,678487,2021-03-12,https://reliefweb.int/node/3720882
14,Lebanon,LBN,People Targeted for Food Security & Agriculture Assistance,Government of Lebanon,1799475,2021-03-12,https://reliefweb.int/node/3720882
14,Lebanon,LBN,People Targeted for Health Assistance,Government of Lebanon,2475381,2021-03-12,https://reliefweb.int/node/3720882
14,Lebanon,LBN,People Targeted for Livelihoods Assistance,Government of Lebanon,92036,2021-03-12,https://reliefweb.int/node/3720882
14,Lebanon,LBN,People Targeted for Protection Assistance,Government of Lebanon,1883700,2021-03-12,https://reliefweb.int/node/3720882
14,Lebanon,LBN,People Targeted for Shelter Assistance,Government of Lebanon,727682,2021-03-12,https://reliefweb.int/node/3720882
14,Lebanon,LBN,People Targeted for Social Stability Assistance,Government of Lebanon,2400037,2021-03-12,https://reliefweb.int/node/3720882
14,Lebanon,LBN,People Targeted for Water Assistance,Government of Lebanon,1810843,2021-03-12,https://reliefweb.int/node/3720882
14,Lebanon,LBN,Displaced Syrians in Lebanon,Government of Lebanon,1500000,2021-03-12,https://reliefweb.int/node/3720882
14,Lebanon,LBN,Palestine Refugees from Syria in Lebanon,Government of Lebanon,27700,2021-03-12,https://reliefweb.int/node/3720882
14,Lebanon,LBN,Palestine Refugees in Lebanon,Government of Lebanon,180000,2021-03-12,https://reliefweb.int/node/3720882
15,Libya,LBY,People in Need,OCHA,800000,2021-12-02,https://reliefweb.int/node/3796720
15,Libya,LBY,People Targeted for Assistance,OCHA,200000,2021-12-02,https://reliefweb.int/node/3796720
15,Libya,LBY,Children in Need,UNICEF,321430,2021-12-07,https://reliefweb.int/node/3798468
15,Libya,LBY,Registered Refugees & Asylum-Seekers in Libya,UNHCR,41681,2021-09-30,https://reliefweb.int/node/3780096
15,Libya,LBY,Sudanese Refugees & Asylum-Seekers in Libya,UNHCR,17733,2021-11-30,https://reliefweb.int/node/3804777
15,Libya,LBY,IDPs,IOM,199949,2021-09-30,https://reliefweb.int/node/3790828
15,Libya,LBY,Returnees,IOM,648317,2021-09-30,https://reliefweb.int/node/3790828
15,Libya,LBY,Migrants in Libya,IOM,621007,2021-11-30,https://reliefweb.int/node/3807306
15,Libya,LBY,People who Lost their Lives in Libyan Waters (per year),UNHCR,109,2021-10-31,https://reliefweb.int/node/3788422
15,Libya,LBY,People who Lost their Lives in Libyan Waters (per month),UNHCR,36,2021-10-31,https://reliefweb.int/node/3788422
15,Libya,LBY,People Rescued/Intercepted at Sea Along the Libyan Coast (per year),UNHCR,27551,2021-10-31,https://reliefweb.int/node/3788422
15,Libya,LBY,People Rescued/Intercepted at Sea Along the Libyan Coast (per month),UNHCR,2123,2021-10-31,https://reliefweb.int/node/3788422
15,Libya,LBY,People Assisted through WFP Food Assistance (per month),WFP,100300,2021-10-31,https://reliefweb.int/node/3801807
15,Libya,LBY,New Displacements by Conflict & Violence (per year),IDMC,39000,2020-12-31,https://reliefweb.int/node/3739697
16,Mali,MLI,People in Need,OCHA,7500000,2022-02-14,https://reliefweb.int/node/3817693
16,Mali,MLI,People Targeted for Assistance,OCHA,4800000,2022-02-14,https://reliefweb.int/node/3817693
16,Mali,MLI,Children in Need,UNICEF,3200000,2021-12-08,https://reliefweb.int/node/3798510
16,Mali,MLI,People in Food Crisis/Emergency (IPC phase 3+),OCHA,866990,2021-04-29,https://reliefweb.int/node/3734261
16,Mali,MLI,"Malian Refugees in Burkina Faso, Mauritania and Niger",UNHCR,156757,2021-09-30,https://reliefweb.int/node/3784507
16,Mali,MLI,Malian Refugees in Niger,Government of Niger,61320,2021-09-30,https://reliefweb.int/node/3784507
16,Mali,MLI,Malian Refugees in Mauritania,UNHCR,72033,2021-09-30,https://reliefweb.int/node/3784507
16,Mali,MLI,Malian Refugees in Burkina Faso,UNHCR,23173,2021-09-30,https://reliefweb.int/node/3784507
16,Mali,MLI,IDPs,IOM,401736,2021-09-30,https://r4sahel.info/en/situations/sahelcrisis/location/8695
16,Mali,MLI,Malian Refugee Returnees,Government of Mali,83712,2021-09-30,https://reliefweb.int/node/3784507
16,Mali,MLI,Refugees & Asylum Seekers in Mali,Government of Mali,47824,2021-09-30,https://r4sahel.info/en/situations/sahelcrisis/location/8695
16,Mali,MLI,IDP Returnees,UNHCR,606617,2021-09-30,https://reliefweb.int/node/3784507
16,Mali,MLI,Non-Functional Schools,Education Cluster,1664,2021-08-31,https://reliefweb.int/node/3810749
16,Mali,MLI,Non-Functional Health Centres,OCHA,29,2022-01-14,https://reliefweb.int/node/3810749
16,Mali,MLI,Protection Incidents Against Civilians (per year),Protection Cluster,3580,2021-06-30,https://reliefweb.int/node/3766685
16,Mali,MLI,Protection Incidents Against Civilians (per month),Protection Cluster,1237,2021-06-30,https://reliefweb.int/node/3766685
16,Mali,MLI,"KKA Incidents against Aid Workers (Killed, Kidnapped and Arrested per year)",Insecurity Insight,16,2021-09-30,https://reliefweb.int/node/3783254
16,Mali,MLI,"Aid Workers affected by KKA Incidents (Killed, Kidnapped and Arrested per year)",Insecurity Insight,44,2021-09-30,https://reliefweb.int/node/3783254
16,Mali,MLI,Aid Workers Killed (per year),Insecurity Insight,0,2021-09-30,https://reliefweb.int/node/3783254
16,Mali,MLI,Aid Workers Kidnapped (per year),Insecurity Insight,44,2021-09-30,https://reliefweb.int/node/3783254
16,Mali,MLI,Aid Workers Arrested (per year),Insecurity Insight,0,2021-09-30,https://reliefweb.int/node/3783254
16,Mali,MLI,People Received WFP Food Assistance (per month),WFP,176322,2019-02-28,https://m.reliefweb.int/report/3071383
16,Mali,MLI,New Displacements by Conflict & Violence (per year),IDMC,277000,2020-12-31,https://reliefweb.int/node/3739697
16,Mali,MLI,New Displacements by Disasters (per year),IDMC,7400,2020-12-31,https://reliefweb.int/node/3739697
17,Mozambique,MOZ,People in Need,OCHA,1500000,2021-12-02,https://reliefweb.int/node/3796720
17,Mozambique,MOZ,People Targeted for Assistance,OCHA,1200000,2021-12-02,https://reliefweb.int/node/3796720
17,Mozambique,MOZ,Children in Need,UNICEF,954000,2020-12-14,https://reliefweb.int/node/3696688
17,Mozambique,MOZ,People in Food Crisis/Emergency (IPC phase 3+),IPC,135350,2020-07-30,https://reliefweb.int/node/3657864
17,Mozambique,MOZ,Children Acutely Malnourished,IPC,74704,2021-06-09,https://reliefweb.int/node/3745819
17,Mozambique,MOZ,Pregnant or Lactating Women Acutely Malnourished,IPC,22054,2021-06-09,https://reliefweb.int/node/3745819
17,Mozambique,MOZ,IDPs,IOM,744949,2021-09-30,https://reliefweb.int/node/3776719
17,Mozambique,MOZ,Mozambican Asylum-Seekers in Zimbabwe,UNHCR,8157,2021-08-31,https://reliefweb.int/node/3778376
17,Mozambique,MOZ,People Received WFP Food Assistance (per month),WFP,997644,2021-12-31,https://reliefweb.int/node/3810313
17,Mozambique,MOZ,New Displacements by Conflict & Violence (per year),IDMC,592000,2020-12-31,https://reliefweb.int/node/3739697
17,Mozambique,MOZ,New Displacements by Disasters (per year),IDMC,25000,2020-12-31,https://reliefweb.int/node/3739697
18,Myanmar,MMR,People in Need,OCHA,14400000,2022-01-30,https://reliefweb.int/node/3812702
18,Myanmar,MMR,People Targeted for Assistance,OCHA,6200000,2022-01-30,https://reliefweb.int/node/3812702
18,Myanmar,MMR,Children in Need,UNICEF,5000000,2021-12-07,https://reliefweb.int/node/3798308
18,Myanmar,MMR,IDPs in Kachin & Northern Shan States,CCCM Cluster,106248,2021-12-31,https://reliefweb.int/node/3815185/
18,Myanmar,MMR,Myanmar Refugees in Thailand,UNHCR,91795,2021-04-30,https://reliefweb.int/node/3736076
18,Myanmar,MMR,People Assisted with WFP Food Assistance (per month),WFP,611920,2020-12-31,https://reliefweb.int/node/3754576
18,Myanmar,MMR,New Displacements by Conflict & Violence (per year),IDMC,70000,2020-12-31,https://reliefweb.int/node/3739697
18,Myanmar,MMR,New Displacements by Natural Disasters (per year),IDMC,50000,2020-12-31,https://reliefweb.int/node/3739697
18,Myanmar,MMR,Total Incidents - Landmines/ERW,UNICEF,116,2021-09-30,https://reliefweb.int/node/3787362
18,Myanmar,MMR,People Killed by Landmines/ERW,UNICEF,65,2021-09-30,https://reliefweb.int/node/3787362
18,Myanmar,MMR,People Injured by Landmines/ERW,UNICEF,127,2021-09-30,https://reliefweb.int/node/3787362
19,Niger,NER,People in Need,OCHA,3000000,2021-12-02,https://reliefweb.int/node/3796720
19,Niger,NER,People Targeted for Assistance,OCHA,2100000,2021-12-02,https://reliefweb.int/node/3796720
19,Niger,NER,Children in Need,UNICEF,2100000,2021-12-09,https://reliefweb.int/node/3798953
19,Niger,NER,People in Food Crisis/Emegency (IPC phase 3+),IPC,1621213,2021-04-29,https://reliefweb.int/node/3734261
19,Niger,NER,Children Acutely Malnourished,IPC,918360,2020-03-12,https://reliefweb.int/node/3562133
19,Niger,NER,Pregnant or Lactating Women Acutely Malnourished,IPC,376444,2020-03-12,https://reliefweb.int/node/3562133
19,Niger,NER,Severely Malnourished Children in Lake Chad Basin Crisis Area,OCHA,30000,2022-01-17,https://reliefweb.int/node/3810755
19,Niger,NER,People in Food Crisis/Emergency (IPC phase 3+) in Lake Chad Basin Crisis Area,OCHA,150000,2022-01-17,https://reliefweb.int/node/3810755
19,Niger,NER,Refugees & Asylum-Seekers in Niger,UNHCR,243575,2021-05-31,https://r4sahel.info/en/situations/sahelcrisis/location/8717
19,Niger,NER,Malian Refugees in Niger,Government of Niger,61320,2021-09-30,https://reliefweb.int/node/3784507
19,Niger,NER,Nigerian Refugees in Niger,UNHCR,174407,2021-04-30,https://data2.unhcr.org/en/situations/nigeriasituation
19,Niger,NER,IDPs,Government of Niger,300320,2021-05-31,https://r4sahel.info/en/situations/sahelcrisis/location/8695
19,Niger,NER,Non-Functional Schools,UNICEF,630,2021-11-30,https://reliefweb.int/node/3810749
19,Niger,NER,Non-Functional Health Centres,UNICEF,34,2022-01-14,https://reliefweb.int/node/3810749
19,Niger,NER,People Received WFP Food Assistance (per month),WFP,900000,2021-11-30,https://reliefweb.int/node/3805101
19,Niger,NER,New Displacements by Conflict (per year),IDMC,136000,2020-12-31,https://reliefweb.int/node/3739697
19,Niger,NER,New Displacements by Disasters (per year),IDMC,276000,2020-12-31,https://reliefweb.int/node/3739697
20,Nigeria,NGA,People in Need,OCHA,8400000,2022-02-09,https://reliefweb.int/node/3816371
20,Nigeria,NGA,People Targeted for Assistance,OCHA,5500000,2022-02-09,https://reliefweb.int/node/3816371
20,Nigeria,NGA,Children in Need,UNICEF,8100000,2021-12-09,https://reliefweb.int/node/3798956
20,Nigeria,NGA,People in Food Crisis/Emergency (IPC phase 3+),FAO,9196122,2021-04-29,https://reliefweb.int/node/3734261
20,Nigeria,NGA,Acutely Malnourished Children in North East Nigeria,IPC,1743000,2021-12-17,https://reliefweb.int/node/3801652
20,Nigeria,NGA,Pregnant or Lactating Women Acutely Malnourished in North East Nigeria,IPC,151000,2021-12-17,https://reliefweb.int/node/3801652
20,Nigeria,NGA,IDPs,IOM,2182613,2021-07-27,https://reliefweb.int/node/3794111
20,Nigeria,NGA,Returnees since August 2015,IOM,1918063,2021-07-27,https://reliefweb.int/node/3794111
20,Nigeria,NGA,IDPs in North Central and North West Zones,IOM,983701,2021-12-31,https://reliefweb.int/node/3812933
20,Nigeria,NGA,Nigerian Refugees in the Region,UNHCR,324285,2021-09-30,https://data2.unhcr.org/en/situations/nigeriasituation
20,Nigeria,NGA,Nigerian Refugees in Cameroon,UNHCR,121539,2022-01-31,https://reliefweb.int/node/3815953
20,Nigeria,NGA,Nigerian Refugees & Asylum-Seekers in Chad,UNHCR,19655,2022-01-31,https://reliefweb.int/node/3817002
20,Nigeria,NGA,Nigerian Refugees in Niger,UNHCR,174407,2021-04-30,https://data2.unhcr.org/en/situations/nigeriasituation
20,Nigeria,NGA,Cameroonian Refugees in Nigeria,UNHCR,69400,2021-10-31,https://reliefweb.int/node/3800915
20,Nigeria,NGA,Severely Malnourished Children in Lake Chad Basin Crisis Area,OCHA,300000,2022-01-17,https://reliefweb.int/node/3810755
20,Nigeria,NGA,People in Food Crisis/Emergency (IPC phase 3+) in Lake Chad Basin Crisis Area,OCHA,2360000,2022-01-17,https://reliefweb.int/node/3810755
20,Nigeria,NGA,Schools Closed due to Insecurity,UNICEF,934,2021-11-29,https://reliefweb.int/node/3797049
20,Nigeria,NGA,"KKA Incidents against Aid Workers (Killed, Kidnapped and Arrested per year)",Insecurity Insight,9,2021-09-30,https://reliefweb.int/node/3783254
20,Nigeria,NGA,"Aid Workers affected by KKA Incidents (Killed, Kidnapped and Arrested per year)",Insecurity Insight,17,2021-09-30,https://reliefweb.int/node/3783254
20,Nigeria,NGA,Aid Workers Killed (per year),Insecurity Insight,2,2021-09-30,https://reliefweb.int/node/3783254
20,Nigeria,NGA,Aid Workers Kidnapped (per year),Insecurity Insight,15,2021-09-30,https://reliefweb.int/node/3783254
20,Nigeria,NGA,Aid Workers Arrested (per year),Insecurity Insight,0,2021-09-30,https://reliefweb.int/node/3783254
20,Nigeria,NGA,People Received WFP Food Assistance (per month),WFP,1414300,2021-11-30,https://reliefweb.int/node/3810542
20,Nigeria,NGA,New Displacements by Conflict & Violence (per year),IDMC,169000,2020-12-31,https://reliefweb.int/node/3739697
20,Nigeria,NGA,New Displacements by Disasters (per year),IDMC,279000,2020-12-31,https://reliefweb.int/node/3739697
21,occupied Palestinian territory,PSE,People in Need,OCHA,2100000,2021-12-02,https://reliefweb.int/node/3796720
21,occupied Palestinian territory,PSE,People Targeted for Assistance,OCHA,1600000,2021-12-02,https://reliefweb.int/node/3796720
21,occupied Palestinian territory,PSE,Children in Need,UNICEF,1060000,2020-12-03,https://m.reliefweb.int/report/3426938
21,occupied Palestinian territory,PSE,People Displaced due to Demolitions (per year),OCHA,1191,2021-12-28,https://www.ochaopt.org/data/demolition
21,occupied Palestinian territory,PSE,Conflict-Related Palestinian Deaths (per year),OCHA,342,2021-11-21,https://www.ochaopt.org/data/casualties
21,occupied Palestinian territory,PSE,Conflict-Related Palestinian Injuries (per year),OCHA,16512,2021-11-25,https://www.ochaopt.org/data/casualties
21,occupied Palestinian territory,PSE,Palestinian Children Killed - Direct Conflict (per year),OCHA,85,2021-11-21,https://www.ochaopt.org/data/casualties
21,occupied Palestinian territory,PSE,Palestinian Children Injured - Direct Conflict (per year),OCHA,1498,2021-11-25,https://www.ochaopt.org/data/casualties
21,occupied Palestinian territory,PSE,Palestinian-owned Structures Demolished by the Israeli Authorities (per year),OCHA,884,2021-12-28,https://www.ochaopt.org/data/demolition
21,occupied Palestinian territory,PSE,Palestinian Refugees in Syria,UNRWA,438000,2021-03-02,https://reliefweb.int/node/3717621
21,occupied Palestinian territory,PSE,Internally Displaced Palestinian Refugees in Syria,UNRWA,254000,2019-01-29,https://m.reliefweb.int/report/2970039
21,occupied Palestinian territory,PSE,Palestinian Refugees from Syria in Lebanon,UNRWA,27700,2021-03-02,https://reliefweb.int/node/3717621
21,occupied Palestinian territory,PSE,Palestinian Refugees from Syria in Jordan,UNRWA,17800,2021-03-02,https://reliefweb.int/node/3717621
21,occupied Palestinian territory,PSE,People Received WFP Food Assistance (per month),WFP,317973,2021-11-30,https://reliefweb.int/node/3804028
21,occupied Palestinian territory,PSE,New Displacements by Conflict & Violence (per year),IDMC,1000,2020-12-31,https://reliefweb.int/node/3739697
21,occupied Palestinian territory,PSE,New Displacements by Disasters (per year),IDMC,110,2020-12-31,https://reliefweb.int/node/3739697
22,Somalia,SOM,People in Need,OCHA,7700000,2021-12-20,https://reliefweb.int/node/3802198
22,Somalia,SOM,People Targeted for Assistance,OCHA,5500000,2021-12-20,https://reliefweb.int/node/3802198
22,Somalia,SOM,Children in Need,UNICEF,5100000,2021-12-07,https://reliefweb.int/node/3798342
22,Somalia,SOM,People in Food Crisis/Emergency (IPC phase 3+),FSNAU,4151400,2022-02-10,https://reliefweb.int/node/3816558
22,Somalia,SOM,Acutely Malnourished Children Below 5,FSNAU,1200000,2021-11-12,https://reliefweb.int/node/3791104
22,Somalia,SOM,IDPs,UNHCR,2970000,2021-12-31,https://reliefweb.int/node/3813022
22,Somalia,SOM,Children IDPs or Refugees,OCHA,1958550,2021-03-31,https://reliefweb.int/node/3742234
22,Somalia,SOM,Total Internal Displacements (per year),UNHCR,874000,2021-12-31,https://reliefweb.int/node/3807078
22,Somalia,SOM,Total Internal Displacements (per month),UNHCR,96000,2021-12-31,https://reliefweb.int/node/3807078
22,Somalia,SOM,Internally Displaced due to Conflict/Insecurity (per year),UNHCR,544000,2021-12-31,https://reliefweb.int/node/3807078
22,Somalia,SOM,Internally Displaced due to Conflict/Insecurity (per month),UNHCR,3000,2021-12-31,https://reliefweb.int/node/3807078
22,Somalia,SOM,Internally Displaced due to Drought (per year),UNHCR,245000,2021-12-31,https://reliefweb.int/node/3807078
22,Somalia,SOM,Internally Displaced due to Drought (per month),UNHCR,90000,2021-12-31,https://reliefweb.int/node/3807078
22,Somalia,SOM,Internally Displaced due to Floods (per year),UNHCR,62100,2021-12-31,https://reliefweb.int/node/3807078
22,Somalia,SOM,Internally Displaced due to Floods (per month),UNHCR,0,2021-12-31,https://reliefweb.int/node/3807078
22,Somalia,SOM,Somali Refugee Returnees with assistance from UNHCR (since 2014),UNHCR,92444,2021-12-31,https://reliefweb.int/node/3807086
22,Somalia,SOM,Somali Refugee Returnees with Assistance from UNHCR (per year),UNHCR,347,2021-12-31,https://reliefweb.int/node/3807086
22,Somalia,SOM,Somali Refugee Returnees from Kenya (cumulative since 2014),UNHCR,85465,2021-12-31,https://reliefweb.int/node/3807076
22,Somalia,SOM,Somali Refugee Returnees from Kenya (per month),UNHCR,0,2021-12-31,https://reliefweb.int/node/3807086
22,Somalia,SOM,Somali Refugee Returnees from Kenya (per year),UNHCR,294,2021-12-31,https://reliefweb.int/node/3807086
22,Somalia,SOM,Somali Refugees Voluntary Repatriated from Yemen under the Assisted Spontaneous Return Programme (cumulative),UNHCR,5416,2021-12-31,https://reliefweb.int/node/3807086
22,Somalia,SOM,Somali Refugee Assisted Spontaneous Returns from Yemen (per month),UNHCR,0,2021-12-31,https://reliefweb.int/node/3807086
22,Somalia,SOM,Somali Refugee Assisted Spontaneous Returns from Yemen (per year),UNHCR,0,2021-12-31,https://reliefweb.int/node/3807086
22,Somalia,SOM,Somali Refugees in the Horn of Africa & Yemen,UNHCR,671482,2021-12-31,https://data2.unhcr.org/en/situations/horn
22,Somalia,SOM,Somali Refugees & Asylum-Seekers in Ethiopia,UNHCR,223041,2021-12-31,https://reliefweb.int/node/3809431
22,Somalia,SOM,Somali Refugees & Asylum-Seekers in Kenya,UNHCR,289959,2021-11-30,https://reliefweb.int/node/3804752
22,Somalia,SOM,Somali Refugees & Asylum-Seekers in Yemen,UNHCR,114024,2021-11-30,https://reliefweb.int/node/3804752
22,Somalia,SOM,Somali Refugees & Asylum-Seekers in Uganda,UNHCR,51321,2021-11-30,https://reliefweb.int/node/3804752
22,Somalia,SOM,Somali Refugees in Djibouti,UNHCR,14265,2021-11-30,https://reliefweb.int/node/3804752
22,Somalia,SOM,Somali Refugees & Asylum-Seekers in Zambia,UNHCR,4063,2021-10-31,https://reliefweb.int/node/3796929
22,Somalia,SOM,Registered Refugees & Asylum-Seekers in Somalia,UNHCR,30066,2021-12-31,https://reliefweb.int/node/3807077
22,Somalia,SOM,Refugees & Asylum-Seeker Arrivals in Somalia (per year),UNHCR,3468,2021-12-31,https://reliefweb.int/node/3807077
22,Somalia,SOM,Ethiopian Refugees & Asylum-Seekers in Somalia,UNHCR,20394,2021-12-31,https://reliefweb.int/node/3807077
22,Somalia,SOM,Yemeni Refugees & Asylum-Seekers in Somalia,UNHCR,8341,2021-12-31,https://reliefweb.int/node/3807077
22,Somalia,SOM,AWD/Cholera Cases (per year),WHO,5455,2021-12-17,https://reliefweb.int/node/3801746
22,Somalia,SOM,AWD/Cholera Deaths (per year),WHO,35,2021-12-17,https://reliefweb.int/node/3801746
22,Somalia,SOM,Access Incidents (per month),OCHA,10,2021-09-30,https://reliefweb.int/node/3804872
22,Somalia,SOM,"KKA Incidents (Killed, Kidnapped and Arrested) against Aid Workers (per year)",Insecurity Insight,3,2021-09-30,https://reliefweb.int/node/3783254
22,Somalia,SOM,"Aid Workers affected by KKA Incidents (Killed, Kidnapped and Arrested per year)",Insecurity Insight,3,2021-09-30,https://reliefweb.int/node/3783254
22,Somalia,SOM,Aid Workers Killed (per year),Insecurity Insight,2,2021-09-30,https://reliefweb.int/node/3783254
22,Somalia,SOM,Aid Workers Kidnapped (per year),Insecurity Insight,1,2021-09-30,https://reliefweb.int/node/3783254
22,Somalia,SOM,Aid Workers Arrested (per year),Insecurity Insight,0,2021-09-30,https://reliefweb.int/node/3783254
22,Somalia,SOM,People Received WFP Food Assistance (per month),WFP,3000000,2021-11-30,https://reliefweb.int/node/3804672
22,Somalia,SOM,New Displacements by Conflict & Violence (per year),IDMC,293000,2020-12-31,https://reliefweb.int/node/3739697
22,Somalia,SOM,New Displacements by Disasters (per year),IDMC,1037000,2020-12-31,https://reliefweb.int/node/3739697
23,South Sudan,SSD,People in Need,OCHA,8400000,2021-12-02,https://reliefweb.int/node/3796720
23,South Sudan,SSD,People Targeted for Assistance,OCHA,6700000,2021-12-02,https://reliefweb.int/node/3796720
23,South Sudan,SSD,Children in Need,UNICEF,4500000,2021-12-08,https://reliefweb.int/node/3798584
23,South Sudan,SSD,People in Food Crisis/Emergency (IPC phase 3+),IPC,7240000,2021-04-30,https://reliefweb.int/node/3700880
23,South Sudan,SSD,Acutely Malnourished Children,IPC,1392259,2020-12-29,https://reliefweb.int/node/3700880
23,South Sudan,SSD,Pregnant or Lactating Acutely Malnourished Women,IPC,483382,2020-12-29,https://reliefweb.int/node/3700880
23,South Sudan,SSD,People Affected by Floods,OCHA,835000,2021-12-31,https://reliefweb.int/node/3807198
23,South Sudan,SSD,S. Sudanese Refugees in the Region,UNHCR,2341902,2021-12-31,https://reliefweb.int/node/3812158
23,South Sudan,SSD,S. Sudanese Refugee Arrivals in the Region (Cumulative per year),UNHCR,90252,2021-12-31,https://reliefweb.int/node/3812158
23,South Sudan,SSD,S. Sudanese Spontaneous Refugee Returns (cumulative since Nov 2017),UNHCR,505511,2021-12-31,https://reliefweb.int/node/3809134
23,South Sudan,SSD,S. Sudanese Spontaneous Refugee Returns since Nov 2017 (per year),UNHCR,268198,2021-12-31,https://reliefweb.int/node/3809134
23,South Sudan,SSD,S. Sudanese Refugees in Uganda,UNHCR,842640,2109-08-31,https://m.reliefweb.int/report/3294733
23,South Sudan,SSD,S. Sudanese Refugees & Asylum-Seekers in Sudan,UNHCR,803634,2021-12-31,https://reliefweb.int/node/3812158
23,South Sudan,SSD,S. Sudanese Refugee Children in Sudan (since Jan 2017),UNICEF,420731,2021-10-31,https://reliefweb.int/node/3801448
23,South Sudan,SSD,S. Sudanese Refugees & Asylum-Seekers in Ethiopia,UNHCR,386874,2021-12-31,https://reliefweb.int/node/3809431
23,South Sudan,SSD,S. Sudanese Refugees & Asylum-Seekers in Kenya,UNHCR,135352,2021-12-31,https://reliefweb.int/node/3812158
23,South Sudan,SSD,S. Sudanese Refugees in DRC,UNHCR,56341,2022-01-31,https://reliefweb.int/node/3817694
23,South Sudan,SSD,S. Sudanese Refugees in Egypt,UNHCR,20713,2021-12-31,https://reliefweb.int/node/3813806
23,South Sudan,SSD,IDPs,IOM,2000000,2021-12-31,https://reliefweb.int/node/3807198
23,South Sudan,SSD,IDP Returns (cumulative since 2018),UNHCR,18690,2021-06-30,https://reliefweb.int/node/3759245
23,South Sudan,SSD,IDP Returns (per year),UNHCR,5174,2021-06-30,https://reliefweb.int/node/3759245
23,South Sudan,SSD,IDPs in UNMISS Protection Sites,UNMISS,34000,2021-12-31,https://reliefweb.int/node/3807198
23,South Sudan,SSD,IDPs in Bentiu PoC,IOM,118313,2021-10-31,https://reliefweb.int/node/3803245
23,South Sudan,SSD,Refugees in South Sudan,UNHCR,333673,2021-12-31,https://reliefweb.int/node/3808022
23,South Sudan,SSD,Sudanese Refugees in South Sudan,UNHCR,305359,2021-11-30,https://reliefweb.int/node/3804777
23,South Sudan,SSD,DRC Refugees in South Sudan,UNHCR,16821,2021-04-30,https://reliefweb.int/node/3740871
23,South Sudan,SSD,Ethiopian Refugees in South Sudan,UNHCR,4255,2021-04-30,https://reliefweb.int/node/3740871
23,South Sudan,SSD,CAR Refugees in South Sudan,UNHCR,2244,2021-04-30,https://reliefweb.int/node/3740871
23,South Sudan,SSD,Humanitarian Access Incidents (per year),OCHA,591,2021-12-31,https://reliefweb.int/node/3813433
23,South Sudan,SSD,Humanitarian Access Incidents (per month),OCHA,24,2021-12-31,https://reliefweb.int/node/3813433
23,South Sudan,SSD,"KKA Incidents (Killed, Kidnapped and Arrested) against Aid Workers (per year)",Insecurity Insight,15,2021-09-30,https://reliefweb.int/node/3783254
23,South Sudan,SSD,"Aid Workers affected by KKA Incidents (Killed, Kidnapped and Arrested per year)",Insecurity Insight,23,2021-03-09,https://reliefweb.int/node/3722215
23,South Sudan,SSD,Aid Workers Killed (per year),Insecurity Insight,13,2021-09-30,https://reliefweb.int/node/3783254
23,South Sudan,SSD,Aid Workers Kidnapped (per year),Insecurity Insight,2,2021-09-30,https://reliefweb.int/node/3783254
23,South Sudan,SSD,Aid Workers Arrested (per year),Insecurity Insight,8,2021-09-30,https://reliefweb.int/node/3783254
23,South Sudan,SSD,People Received WFP Food Assistance (per month),WFP,2000000,2021-10-31,https://reliefweb.int/node/3813512
23,South Sudan,SSD,New Displacements by Conflict & Violence (per year),IDMC,271000,2020-12-31,https://reliefweb.int/node/3739697
23,South Sudan,SSD,New Displacements by Disasters (per year),IDMC,443000,2020-12-31,https://reliefweb.int/node/3739697
24,Sudan,SDN,People in Need,OCHA,14300000,2021-12-19,https://reliefweb.int/node/3802123
24,Sudan,SDN,People Targeted for Assistance,OCHA,10900000,2021-12-19,https://reliefweb.int/node/3802123
24,Sudan,SDN,People Affected by Floods,OCHA,314547,2021-10-11,https://reliefweb.int/node/3784159
24,Sudan,SDN,Ethiopian Refugees from Tigray in Sudan (since 7 Nov),UNHCR,63110,2022-02-10,https://reliefweb.int/node/3816817
24,Sudan,SDN,Children in Need,UNICEF,8000000,2021-12-08,https://reliefweb.int/node/3798563
24,Sudan,SDN,People in Food Crisis/Emergency (IPC Phase 3+),IPC,7097187,2020-11-18,https://reliefweb.int/node/3689134
24,Sudan,SDN,Total Refugees & Asylum-Seekers in Sudan,UNHCR,1130547,2021-12-31,https://reliefweb.int/node/3809902
24,Sudan,SDN,New Refugee Arrivals (per year),UNHCR,109014,2021-12-31,https://reliefweb.int/node/3809902
24,Sudan,SDN,S. Sudanese Refugees & Asylum-Seekers in Sudan,UNHCR,803634,2021-12-31,https://reliefweb.int/node/3812158
24,Sudan,SDN,S. Sudanese Refugee Children in Sudan (since Jan 2017),UNICEF,420731,2021-10-31,https://reliefweb.int/node/3801448
24,Sudan,SDN,Eritrean Refugees & Asylum-Seekers in Sudan,UNHCR,126741,2021-12-31,https://reliefweb.int/node/3809902
24,Sudan,SDN,Syrian Refugees & Asylum-Seekers in Sudan,UNHCR,93482,2021-12-31,https://reliefweb.int/node/3809902
24,Sudan,SDN,Ethiopian Refugees & Asylum-Seekers in Sudan,UNHCR,71339,2021-12-31,https://reliefweb.int/node/3809902
24,Sudan,SDN,CAR Refugees & Asylum-Seekers in Sudan,UNHCR,27619,2021-12-31,https://reliefweb.int/node/3809902
24,Sudan,SDN,Chadian Refugees & Asylum-Seekers in Sudan,UNHCR,3934,2021-12-31,https://reliefweb.int/node/3809902
24,Sudan,SDN,Yemeni Refugees & Asylum-Seekers in Sudan,UNHCR,2184,2021-12-31,https://reliefweb.int/node/3809902
24,Sudan,SDN,IDPs,UNHCR,3040000,2021-12-31,https://reliefweb.int/node/3813022
24,Sudan,SDN,Children IDPs,UNICEF,1400000,2021-10-31,https://reliefweb.int/node/3801448
24,Sudan,SDN,Sudanese Refugees in Neighbouring Countries,UNHCR,813081,2021-11-30,https://reliefweb.int/node/3804777
24,Sudan,SDN,Sudanese Refugees & Asylum-Seekers in Chad,UNHCR,378035,2022-01-31,https://reliefweb.int/node/3817002
24,Sudan,SDN,Sudanese Refugees in South Sudan,UNHCR,305359,2021-11-30,https://reliefweb.int/node/3804777
24,Sudan,SDN,Sudanese Refugees in Egypt,UNHCR,52003,2021-12-31,https://reliefweb.int/node/3813806
24,Sudan,SDN,Sudanese Refugees and Asylum-Seekers in Ethiopia,UNHCR,46181,2021-11-30,https://reliefweb.int/node/3804777
24,Sudan,SDN,Sudanese Refugees in Jordan,UNHCR,5738,2022-01-31,https://reliefweb.int/node/3815496/
24,Sudan,SDN,Sudanese Refugees & Asylum-Seekers in Libya,UNHCR,17733,2021-11-30,https://reliefweb.int/node/3804777
24,Sudan,SDN,Sudanese Refugees & Asylum-Seekers in Kenya,UNHCR,9942,2021-11-30,https://reliefweb.int/node/3804777
24,Sudan,SDN,New Displacements by Conflict & Violence (per year),IDMC,79000,2020-12-31,https://reliefweb.int/node/3739697
24,Sudan,SDN,New Displacements by Disasters (per year),IDMC,454000,2020-12-31,https://reliefweb.int/node/3739697
25,Syria,SYR,People in Need,OCHA,14000000,2021-12-02,https://reliefweb.int/node/3796720
25,Syria,SYR,People in Acute Need,OCHA,12000000,2021-12-02,https://reliefweb.int/node/3796720
25,Syria,SYR,People Targeted for Assistance,OCHA,9800000,2020-12-30,https://reliefweb.int/node/3701122
25,Syria,SYR,Children in Need,UNICEF,6100000,2021-12-08,https://reliefweb.int/node/3798568
25,Syria,SYR,People in Food Crisis/Emergency (IPC phase 3+),WFP,12400000,2021-01-31,https://reliefweb.int/node/3712610
25,Syria,SYR,Registered Syrian Refugees in the Region,UNHCR,5684218,2022-01-31,https://data2.unhcr.org/en/situations/syria
25,Syria,SYR,Syrian Refugees in Turkey,UNHCR,3736235,2022-01-14,https://data2.unhcr.org/en/situations/syria
25,Syria,SYR,Syrian Refugees in Jordan,UNHCR,673188,2022-01-31,https://reliefweb.int/node/3815496/
25,Syria,SYR,Syrian Refugees in Zaatari Camp,UNHCR,79978,2021-11-30,https://reliefweb.int/node/3803116
25,Syria,SYR,Syrian Refugees in Lebanon,UNHCR,840929,2021-12-31,https://reliefweb.int/node/3802770
25,Syria,SYR,Syrian Refugees in Iraq,UNHCR,256006,2022-01-31,https://reliefweb.int/node/3817493
25,Syria,SYR,Syrian Refugees in Egypt,UNHCR,136727,2021-12-31,https://reliefweb.int/node/3796946
25,Syria,SYR,Syrian Refugees & Asylum-Seekers in Sudan,UNHCR,93482,2021-12-31,https://reliefweb.int/node/3809902
25,Syria,SYR,IDPs,OCHA,6700000,2021-05-31,https://reliefweb.int/node/3751683
25,Syria,SYR,IDP Movements (per month),OCHA,19561,2021-12-31,https://reliefweb.int/node/3815260
25,Syria,SYR,IDP Movements (per year),OCHA,32398,2021-01-31,https://reliefweb.int/node/3718314
25,Syria,SYR,IDP Spontaneous Returns (per month),OCHA,14238,2021-12-31,https://reliefweb.int/node/3815263
25,Syria,SYR,IDP Spontaneous Returns (per year),OCHA,13572,2021-01-31,https://reliefweb.int/node/3718315
25,Syria,SYR,Total Attacks on Health Care (per year),WHO,14,2021-06-30,https://reliefweb.int/node/3771198
25,Syria,SYR,Attacks on Health Care: Killed (per year),WHO,23,2021-06-30,https://reliefweb.int/node/3771198
25,Syria,SYR,Attacks on Health Care: Injured (per year),WHO,62,2021-06-30,https://reliefweb.int/node/3771198
25,Syria,SYR,"KKA Incidents (Killed, Kidnapped and Arrested) against Aid Workers (per year)",Insecurity Insight,10,2021-09-30,https://reliefweb.int/node/3783254
25,Syria,SYR,"Aid Workers affected by KKA Incidents (Killed, Kidnapped and Arrested per year)",Insecurity Insight,16,2021-09-30,https://reliefweb.int/node/3783254
25,Syria,SYR,Aid Workers Killed (per year),Insecurity Insight,14,2021-09-30,https://reliefweb.int/node/3783254
25,Syria,SYR,Aid Workers Kidnapped (per year),Insecurity Insight,0,2021-09-30,https://reliefweb.int/node/3783254
25,Syria,SYR,Aid Workers Arrested (per year),Insecurity Insight,2,2021-09-30,https://reliefweb.int/node/3783254
25,Syria,SYR,People Received WFP Food Assistance (per month),WFP,5500000,2021-11-30,https://reliefweb.int/node/3810546
25,Syria,SYR,Palestinian Refugees in Syria,UNRWA,438000,2022-01-19,https://reliefweb.int/node/3809416
25,Syria,SYR,Internally Displaced Palestinian Refugees in Syria,UNRWA,254000,2019-01-29,https://m.reliefweb.int/report/2970039
25,Syria,SYR,New Displacements by Conflict & Violence (per year),IDMC,1822000,2020-12-31,https://reliefweb.int/node/3739697
25,Syria,SYR,New Displacements by Disasters (per year),IDMC,25000,2020-12-31,https://reliefweb.int/node/3739697
26,Ukraine,UKR,People in Need,OCHA,2900000,2022-02-11,https://reliefweb.int/node/3816975
26,Ukraine,UKR,People Targeted for Assistance,OCHA,1800000,2022-02-11,https://reliefweb.int/node/3816975
26,Ukraine,UKR,Children in Need,UNICEF,510000,2021-12-08,https://reliefweb.int/node/3798621
26,Ukraine,UKR,Conflict-related Civilian Casualties (Killed & Injured per month),OHCHR,6,2021-12-31,https://reliefweb.int/node/3808044
26,Ukraine,UKR,Conflict-related Civilian Deaths (per month),OHCHR,1,2021-12-31,https://reliefweb.int/node/3808044
26,Ukraine,UKR,Conflict-related Civilian Injuries (per month),OHCHR,5,2021-12-31,https://reliefweb.int/node/3808044
26,Ukraine,UKR,Conflict-related Civilian Casualties (Killed & Injured per year),OHCHR,14,2021-07-31,https://reliefweb.int/node/3776675
26,Ukraine,UKR,Conflict-related Civilian Deaths (per year),OHCHR,15,2021-07-31,https://reliefweb.int/node/3776675
26,Ukraine,UKR,Civilian Casualties Resulting from Mine-Related Incidents and ERW Handling (per year),OHCHR,76,2020-12-31,https://reliefweb.int/node/3723263
26,Ukraine,UKR,Incidents against Water Facilities (per month),WASH cluster,2,2021-12-31,https://reliefweb.int/node/3808044
26,Ukraine,UKR,Incidents against Education Facilities (per month),Education Cluster,0,2021-12-31,https://reliefweb.int/node/3808044
26,Ukraine,UKR,Private Houses Damaged (per month),Shelter Cluster,7,2021-12-31,https://reliefweb.int/node/3808044
26,Ukraine,UKR,Schools Damaged/Destroyed by the Conflict (per year),UNICEF,9,2020-05-04,https://reliefweb.int/node/3631615
26,Ukraine,UKR,Schools Temporarily Closed due the Conflict (per year),UNICEF,5,2020-05-04,https://reliefweb.int/node/3631615
26,Ukraine,UKR,Military Use of Schools/Close Proximity to Military Sites (per year),UNICEF,0,2020-05-04,https://reliefweb.int/node/3631615
26,Ukraine,UKR,"Incidents Resulting in Death, Injuries or Threat of Death or Injuries to Students, Education Personnel or Parents (per year)",UNICEF,4,2020-05-04,https://reliefweb.int/node/3631615
26,Ukraine,UKR,New Displacements by Conflict & Violence (per year),IDMC,74,2020-12-31,https://reliefweb.int/node/3739697
26,Ukraine,UKR,New Displacements by Disasters (per year),IDMC,2000,2020-12-31,https://reliefweb.int/node/3739697
27,Venezuela,VEN,People in Need,OCHA,7000000,2021-12-02,https://reliefweb.int/node/3796720
27,Venezuela,VEN,People Targeted for Assistance,OCHA,4500000,2021-12-02,https://reliefweb.int/node/3796720
27,Venezuela,VEN,Children in Need,UNICEF,3200000,2020-12-14,https://reliefweb.int/node/3697031/edit
27,Venezuela,VEN,Venezuelans in Latin America and the Caribbean,R4V,4990000,2021-11-25,https://reliefweb.int/node/3795088
27,Venezuela,VEN,Venezuelan Refugees and Migrants in Colombia,R4V,1840000,2021-11-25,https://reliefweb.int/node/3795088
27,Venezuela,VEN,Venezuelan Refugees and Migrants in Peru,R4V,1290000,2021-11-25,https://reliefweb.int/node/3795088
27,Venezuela,VEN,Venezuelan Refugees and Migrants in Ecuador,R4V,508900,2021-11-25,https://reliefweb.int/node/3795088
27,Venezuela,VEN,Venezuelan Refugees and Migrants in Chile,R4V,448100,2021-11-25,https://reliefweb.int/node/3795088
27,Venezuela,VEN,Venezuelan Refugees and Migrants in Brazil,R4V,261400,2021-11-25,https://reliefweb.int/node/3795088
27,Venezuela,VEN,Venezuelan Refugees and Migrants in Argentina,R4V,173200,2021-11-25,https://reliefweb.int/node/3795088
27,Venezuela,VEN,Venezuelan Refugees and Migrants in Panama,R4V,121600,2021-11-25,https://reliefweb.int/node/3795088
27,Venezuela,VEN,Venezuelan Refugees and Migrants in Dominican Republic,R4V,115300,2021-11-25,https://reliefweb.int/node/3795088
27,Venezuela,VEN,Venezuelan Refugees and Migrants in Mexico,R4V,83000,2021-11-25,https://reliefweb.int/node/3795088
27,Venezuela,VEN,Venezuelan Refugees and Migrants in Costa Rica,R4V,29900,2021-11-25,https://reliefweb.int/node/3795088
27,Venezuela,VEN,Venezuelan Refugees and Migrants in Trinidad and Tobago,R4V,28500,2021-11-25,https://reliefweb.int/node/3795088
27,Venezuela,VEN,Venezuelan Refugees and Migrants in Guyana,R4V,24500,2021-11-25,https://reliefweb.int/node/3795088
27,Venezuela,VEN,Venezuelan Refugees and Migrants in Curacao,R4V,14200,2021-11-25,https://reliefweb.int/node/3795088
27,Venezuela,VEN,Venezuelan Refugees and Migrants in Aruba,R4V,17000,2021-11-25,https://reliefweb.int/node/3795088
27,Venezuela,VEN,Venezuelan Refugees and Migrants in Bolivia,R4V,11700,2021-11-25,https://reliefweb.int/node/3795088
27,Venezuela,VEN,Venezuelan Refugees and Migrants in Paraguay,R4V,5640,2021-11-25,https://reliefweb.int/node/3795088
27,Venezuela,VEN,New Displacements by Disasters (per year),IDMC,2400,2020-12-31,https://reliefweb.int/node/3739697
28,Yemen,YEM,People in Need,OCHA,20700000,2021-12-02,https://reliefweb.int/node/3796720
28,Yemen,YEM,People Targeted for Assistance,OCHA,16000000,2021-12-02,https://reliefweb.int/node/3796720
28,Yemen,YEM,People in Acute Need,OCHA,12100000,2021-02-21,https://reliefweb.int/node/3715186
28,Yemen,YEM,Children in Need,UNICEF,12400000,2020-12-14,https://reliefweb.int/node/3697063
28,Yemen,YEM,People in Food Crisis/Emergency (IPC phase 3+),IPC,13500000,2020-12-03,https://reliefweb.int/node/3693940
28,Yemen,YEM,Acutely Malnourished Children,IPC,2254663,2021-02-12,https://reliefweb.int/node/3712799
28,Yemen,YEM,Acutely Malnourished Pregnant and Lactating Women,IPC,1155653,2021-02-12,https://reliefweb.int/node/3712799
28,Yemen,YEM,Children IDPs,UNICEF,2000000,2021-11-30,https://reliefweb.int/node/3813618
28,Yemen,YEM,People Displaced in/to Marib Governorate (since Jan 2021),OCHA,64450,2021-12-01,https://reliefweb.int/node/3796676
28,Yemen,YEM,Displaced Households (per year),UNHCR,2190,2022-01-29,https://reliefweb.int/node/3813272
28,Yemen,YEM,IDPs since March 2015,IOM,4000000,2021-01-28,https://reliefweb.int/node/3708737
28,Yemen,YEM,Refugees & Asylum-Seekers in Yemen,UNHCR,142307,2022-01-28,https://reliefweb.int/node/3812332
28,Yemen,YEM,Yemeni Refugees & Asylum-Seekers in Somalia,UNHCR,8341,2021-12-31,https://reliefweb.int/node/3807077
28,Yemen,YEM,Yemeni Refugees in Jordan,UNHCR,12799,2022-01-31,https://reliefweb.int/node/3815496/
28,Yemen,YEM,Yemeni Refugees and Asylum-seekers in Ethiopia,UNHCR,2490,2021-12-31,https://reliefweb.int/node/3809431
28,Yemen,YEM,Yemeni Refugees & Asylum-Seekers in Sudan,UNHCR,2184,2021-12-31,https://reliefweb.int/node/3809902
28,Yemen,YEM,Somali Refugees & Asylum-Seekers in Yemen,UNHCR,114024,2021-11-30,https://reliefweb.int/node/3804752
28,Yemen,YEM,Humanitarian Access Incidents (per month),OCHA,251,2021-10-31,https://reliefweb.int/node/3802637
28,Yemen,YEM,"KKA Incidents against Aid Workers (Killed, Kidnapped and Arrested per year)",Insecurity Insight,0,2021-09-30,https://reliefweb.int/node/3783254
28,Yemen,YEM,"Aid Workers affected by KKA Incidents (Killed, Kidnapped and Arrested per year)",Insecurity Insight,0,2021-09-30,https://reliefweb.int/node/3783254
28,Yemen,YEM,Aid Workers Killed (per year),Insecurity Insight,0,2021-09-30,https://reliefweb.int/node/3783254
28,Yemen,YEM,Aid Workers Kidnapped (per year),Insecurity Insight,0,2021-09-30,https://reliefweb.int/node/3783254
28,Yemen,YEM,Aid Workers Arrested (per year),Insecurity Insight,0,2021-09-30,https://reliefweb.int/node/3783254
28,Yemen,YEM,People Assisted through WFP Food Assistance (per month),WFP,11000000,2021-11-30,https://reliefweb.int/node/3810544
28,Yemen,YEM,New Displacements by Conflict (per year),IDMC,143000,2020-12-31,https://reliefweb.int/node/3739697
28,Yemen,YEM,New Displacements by Disasters (per year),IDMC,223000,2020-12-31,https://reliefweb.int/node/3739697
29,Zambia,ZMB,People in Need,OCHA,10100000,2020-12-09,https://reliefweb.int/node/3695695
29,Zambia,ZMB,People Targeted for Assistance,OCHA,6200000,2020-12-09,https://reliefweb.int/node/3695695
29,Zambia,ZMB,People in Food Crisis/Emergency (IPC phase 3+),IPC,1175104,2021-08-18,https://reliefweb.int/node/3766122
29,Zambia,ZMB,Refugees & Asylum-Seekers in Zambia,UNHCR,103028,2021-10-31,https://reliefweb.int/node/3796929
29,Zambia,ZMB,DRC Refugees & Asylum-Seekers in Zambia,UNHCR,63681,2021-10-31,https://reliefweb.int/node/3796929
29,Zambia,ZMB,Angolan Refugees & Asylum-Seekers in Zambia,UNHCR,19591,2021-10-31,https://reliefweb.int/node/3796929
29,Zambia,ZMB,Burundian Refugees & Asylum-Seekers in Zambia,UNHCR,8927,2021-10-31,https://reliefweb.int/node/3796929
29,Zambia,ZMB,Rwandan Refugees & Asylum-Seekers in Zambia,UNHCR,6057,2021-10-31,https://reliefweb.int/node/3796929
29,Zambia,ZMB,Somali Refugees & Asylum-Seekers in Zambia,UNHCR,4063,2021-10-31,https://reliefweb.int/node/3796929
29,Zambia,ZMB,People Assisted through WFP Food Assistance (per month),WFP,111251,2021-11-30,https://reliefweb.int/node/3803747
29,Zambia,ZMB,New Displacements by Disasters (per year),IDMC,6000,2020-12-31,https://reliefweb.int/node/3739697
30,Zimbabwe,ZWE,Total People in Need,OCHA,6800000,2020-12-01,https://reliefweb.int/node/3692232
30,Zimbabwe,ZWE,Total People Targeted for Assistance,OCHA,4500000,2020-12-01,https://reliefweb.int/node/3692232
30,Zimbabwe,ZWE,Children in Need,UNICEF,4100000,2020-12-14,https://reliefweb.int/node/3697002
30,Zimbabwe,ZWE,People in Food Crisis/Emergency (IPC phase 3+),IPC,2605477,2020-11-27,https://reliefweb.int/node/3692235
30,Zimbabwe,ZWE,Refugees & Asylum-Seekers in Zimbabwe,UNHCR,22600,2021-08-31,https://reliefweb.int/node/3778376
30,Zimbabwe,ZWE,DRC Refugees in Zimbabwe,UNHCR,12020,2021-08-31,https://reliefweb.int/node/3778376
30,Zimbabwe,ZWE,Mozambican Asylum-Seekers in Zimbabwe,UNHCR,8157,2021-08-31,https://reliefweb.int/node/3778376
30,Zimbabwe,ZWE,People Received WFP Food Assistance (per month),WFP,838996,2021-12-31,https://reliefweb.int/node/3809407
30,Zimbabwe,ZWE,New Displacements by Disasters (per year),IDMC,380,2020-12-31,https://reliefweb.int/node/3739697