id	key	piikey	name	type	match	rule	minlen	maxlen	priority	validator	fieldrule	fieldrulematch	imprecise
sha256hash	sha256hash		SHA-256 hash	data	ppr	Word(hexnums, exact=64)	64	64	1				False
sha1hash	sha1hash		SHA-1 hash	data	ppr	Word(hexnums, exact=40)	40	40	1				False
md5hash	md5hash		MD5 hash	data	ppr	Word(hexnums, exact=32)	32	32	1				False
uuid	uuid		Universally unique identifier (UUID)	data	ppr	Word(hexnums, exact=8) + Literal('-').suppress() + Word(hexnums, exact=4) + Literal('-').suppress() + Word(hexnums, exact=4) + Literal('-').suppress() + Word(hexnums, exact=4) + Literal('-').suppress() + Word(hexnums, exact=12)	36	36	1				False
guid	guid		Globally unique identifier (GUID)	data	ppr	Literal('{').suppress() + Word(hexnums, exact=8) + Literal('-').suppress() + Word(hexnums, exact=4) + Literal('-').suppress() + Word(hexnums, exact=4) + Literal('-').suppress() + Word(hexnums, exact=4) + Literal('-').suppress() + Word(hexnums, exact=12) + Literal('}').suppress()	38	38	1				False
passportbypat	ruintpassport	passport	Russian passport by pattern	data	ppr	((Word(nums, exact=2) + Literal(' ').suppress() + Word(nums, exact=2)) | Word(nums,exact=4)) + Literal(' ').suppress() + Word(nums, exact=6)	3	100					False
rusnils	rusnils	rusnils	Russian SNILS person social insurance ID	data	ppr	Word(nums, exact=3) + Literal('-').suppress() + Word(nums, exact=3) + Literal('-').suppress() + Word(nums, exact=3) + Word(nums, exact=2)	17	17	1				False
booleancommon	boolean		Boolean value by known	data	text	true,false	4	5					False
booleanyesno	boolean		Boolean value yes/no	data	text	yes,no	2	3					False
url	url		Web URL	data	func	metacrafterext.rules.common.common._validate_url	5	1024	1				False
email	email	phone	Email	data	func	metacrafterext.rules.common.common._validate_email	3	1024	1				False
filenamebyvalue	filename		Name of the file	data	func	metacrafterext.rules.common.common._validate_filename	5	512	1				False
filenamebyknown	filename		Name of the file by known name	data	text	filename,file_name	8	9	1				False
phone	phone	phone	Phone number	data	func	metacrafterext.rules.common.common._validate_phone	3	100	1				False
mimetypebyvalue	mimetype		Mimetype / content type by value	data	text	application/pdf,application/json,application/octet-stream,application/vnd.ms-excel,application/vnd.openxmlformats-officedocument.wordprocessingml.document,image/jpeg,image/tiff,application/vnd.openxmlformats-officedocument.spreadsheetml.sheet,application/zip,text/csv,text/plain,application/vnd.google-earth.kml+xml,application/x-zip-compressed,application/vnd.geo+json,application/vnd.ms-excel.sheet.macroenabled.12,application/vnd.openxmlformats-officedocument.presentationml.presentation,text/xml	8	73	1				False
yearbydatafiltered	year		Modern years in range 1001-2199 by data and fieldname	data	ppr	(Literal('1') + Word(nums, exact=3)) ^ (Literal('2') + Word('01', exact=1) + Word(nums, exact=2))	4	4			Optional(Word(printables)) + Literal('year') + Optional(Word(printables))	ppr	False
timebypat	time		Time by pattern (10:00)	data	ppr	Word("012", exact=1) + Word(nums, exact=1) + Literal(":") + Word("012345", exact=1) + Word(nums, exact=1)	3	100		metacrafterext.rules.common.dateandtime.is_valid_time			False
timebypatmin	time		Time by pattern (10:00:00)	data	ppr	Word("012", exact=1) + Word(nums, exact=1) + Literal(":") + Word("012345", exact=1) + Word(nums, exact=1) + Word("012345", exact=1) + Word(nums, exact=1)	3	100		metacrafterext.rules.common.dateandtime.is_valid_time			False
timerangebypat	timerange		Time range by pattern (10:00-15:00)	data	ppr	Word("012", exact=1) + Word(nums, exact=1) + Literal(":") + Word("012345", exact=1) + Word(nums, exact=1) + Literal("-") + Word("012", exact=1) + Word(nums, exact=1) + Literal(":") + Word("012345", exact=1) + Word(nums, exact=1)	3	100		metacrafterext.rules.common.dateandtime.is_valid_timerange			False
yearbydataimprecise	year		Modern years in range 1001-2199 by data	data	ppr	(Literal('1') + Word(nums, exact=3)) ^ (Literal('2') + Word('01', exact=1) + Word(nums, exact=2))	4	4					True
latitudevalue	latitude		Latitude by data pattern and name	data	ppr	((Word('012345678', exact=1) + Word(nums, exact=1)) ^ (Literal("9") + Word(nums, exact=1))) + Literal('.') + Word(nums, min=1, max=10)	4	13			Optional(Word(printables)) + Optional('_') + "lat"	ppr	False
longitudevalue	longitude		Longitude by data pattern and name	data	ppr	((Literal("1") + Word("012345678") + Word(nums, exact=1)) ^ (Word(nums, exact=2))) + Literal(".") + Word(nums, min=1, max=10)	4	13			Optional(Word(printables)) + Optional('_') + (Literal("lon") ^ Literal("lng"))	ppr	False
iso3166-alpha2	countrycode_alpha2		ISO 3166 country code alpha 2	data	text	aw,af,ao,al,ad,an,1a,ae,ar,am,as,ag,au,at,az,bi,be,bj,bf,bd,bg,bh,bs,ba,by,bz,bm,bo,br,bb,bn,bt,bw,cf,ca,ch,jg,cl,cn,ci,cm,cd,cg,co,km,cv,cr,cu,ky,cy,cz,de,dj,dm,dk,do,dz,4e,z4,7e,z7,ec,eg,xc,er,es,ee,et,eu,fi,fj,fr,fo,fm,ga,gb,ge,gh,gi,gn,gm,gw,gq,gr,gd,gl,gt,gu,gy,xd,hk,hn,xe,hr,ht,hu,id,im,in,ie,ir,iq,is,il,it,jm,jo,jp,kz,ke,kg,kh,ki,kn,kr,kv,kw,xj,la,lb,lr,ly,lc,zj,xl,xm,li,lk,xn,xo,ls,lt,lu,lv,mo,ma,mc,md,mg,mv,zq,mx,mh,xp,mk,ml,mt,mm,xq,me,mn,mp,mz,mr,mu,mw,my,yt,xu,na,nc,ne,ng,ni,nl,xr,no,np,nz,xs,oe,om,pk,pa,pe,ph,pw,pg,pl,pr,kp,pt,py,ps,pf,qa,ro,ru,rw,8s,sa,sd,sn,sg,sb,sl,sv,sm,so,rs,zf,zg,st,sr,sk,si,se,sz,sc,sy,tc,td,tg,th,tj,tm,tl,to,tt,tn,tr,tv,tz,ug,ua,xt,uy,us,uz,vc,ve,vi,vn,vu,1w,ws,ye,za,zm,zw,tw,va	2	2	1		Optional(Word(printables)) + CaselessLiteral('country') + Optional(Word(printables))	ppr	False
iso3166-alpha3	countrycode_alpha3		ISO 3166 country code alpha 3	data	text	abw,afg,ago,alb,and,ant,arb,are,arg,arm,asm,atg,aus,aut,aze,bdi,bel,ben,bfa,bgd,bgr,bhr,bhs,bih,blr,blz,bmu,bol,bra,brb,brn,btn,bwa,caf,can,che,chi,chl,chn,civ,cmr,cod,cog,col,com,cpv,cri,cub,cym,cyp,cze,deu,dji,dma,dnk,dom,dza,eap,eas,eca,ecs,ecu,egy,emu,eri,esp,est,eth,euu,fin,fji,fra,fro,fsm,gab,gbr,geo,gha,gib,gin,gmb,gnb,gnq,grc,grd,grl,gtm,gum,guy,hic,hkg,hnd,hpc,hrv,hti,hun,idn,imn,ind,irl,irn,irq,isl,isr,ita,jam,jor,jpn,kaz,ken,kgz,khm,kir,kna,kor,ksv,kwt,lac,lao,lbn,lbr,lby,lca,lcn,ldc,lic,lie,lka,lmc,lmy,lso,ltu,lux,lva,mac,mar,mco,mda,mdg,mdv,mea,mex,mhl,mic,mkd,mli,mlt,mmr,mna,mne,mng,mnp,moz,mrt,mus,mwi,mys,myt,nac,nam,ncl,ner,nga,nic,nld,noc,nor,npl,nzl,oec,oed,omn,pak,pan,per,phl,plw,png,pol,pri,prk,prt,pry,pse,pyf,qat,rou,rus,rwa,sas,sau,sdn,sen,sgp,slb,sle,slv,smr,som,srb,ssa,ssf,stp,sur,svk,svn,swe,swz,syc,syr,tca,tcd,tgo,tha,tjk,tkm,tls,ton,tto,tun,tur,tuv,tza,uga,ukr,umc,ury,usa,uzb,vct,ven,vir,vnm,vut,wld,wsm,yem,zaf,zmb,zwe,	0	3	1		Optional(Word(printables)) + CaselessLiteral('country') + Optional(Word(printables))	ppr	False
iso3166-alpha2imprecise	countrycode_alpha2		ISO 3166 country code alpha 2	data	text	aw,af,ao,al,ad,an,1a,ae,ar,am,as,ag,au,at,az,bi,be,bj,bf,bd,bg,bh,bs,ba,by,bz,bm,bo,br,bb,bn,bt,bw,cf,ca,ch,jg,cl,cn,ci,cm,cd,cg,co,km,cv,cr,cu,ky,cy,cz,de,dj,dm,dk,do,dz,4e,z4,7e,z7,ec,eg,xc,er,es,ee,et,eu,fi,fj,fr,fo,fm,ga,gb,ge,gh,gi,gn,gm,gw,gq,gr,gd,gl,gt,gu,gy,xd,hk,hn,xe,hr,ht,hu,id,im,in,ie,ir,iq,is,il,it,jm,jo,jp,kz,ke,kg,kh,ki,kn,kr,kv,kw,xj,la,lb,lr,ly,lc,zj,xl,xm,li,lk,xn,xo,ls,lt,lu,lv,mo,ma,mc,md,mg,mv,zq,mx,mh,xp,mk,ml,mt,mm,xq,me,mn,mp,mz,mr,mu,mw,my,yt,xu,na,nc,ne,ng,ni,nl,xr,no,np,nz,xs,oe,om,pk,pa,pe,ph,pw,pg,pl,pr,kp,pt,py,ps,pf,qa,ro,ru,rw,8s,sa,sd,sn,sg,sb,sl,sv,sm,so,rs,zf,zg,st,sr,sk,si,se,sz,sc,sy,tc,td,tg,th,tj,tm,tl,to,tt,tn,tr,tv,tz,ug,ua,xt,uy,us,uz,vc,ve,vi,vn,vu,1w,ws,ye,za,zm,zw,tw,va	2	2	1				True
iso3166-alpha3imprecise	countrycode_alpha3		ISO 3166 country code alpha 3	data	text	abw,afg,ago,alb,and,ant,arb,are,arg,arm,asm,atg,aus,aut,aze,bdi,bel,ben,bfa,bgd,bgr,bhr,bhs,bih,blr,blz,bmu,bol,bra,brb,brn,btn,bwa,caf,can,che,chi,chl,chn,civ,cmr,cod,cog,col,com,cpv,cri,cub,cym,cyp,cze,deu,dji,dma,dnk,dom,dza,eap,eas,eca,ecs,ecu,egy,emu,eri,esp,est,eth,euu,fin,fji,fra,fro,fsm,gab,gbr,geo,gha,gib,gin,gmb,gnb,gnq,grc,grd,grl,gtm,gum,guy,hic,hkg,hnd,hpc,hrv,hti,hun,idn,imn,ind,irl,irn,irq,isl,isr,ita,jam,jor,jpn,kaz,ken,kgz,khm,kir,kna,kor,ksv,kwt,lac,lao,lbn,lbr,lby,lca,lcn,ldc,lic,lie,lka,lmc,lmy,lso,ltu,lux,lva,mac,mar,mco,mda,mdg,mdv,mea,mex,mhl,mic,mkd,mli,mlt,mmr,mna,mne,mng,mnp,moz,mrt,mus,mwi,mys,myt,nac,nam,ncl,ner,nga,nic,nld,noc,nor,npl,nzl,oec,oed,omn,pak,pan,per,phl,plw,png,pol,pri,prk,prt,pry,pse,pyf,qat,rou,rus,rwa,sas,sau,sdn,sen,sgp,slb,sle,slv,smr,som,srb,ssa,ssf,stp,sur,svk,svn,swe,swz,syc,syr,tca,tcd,tgo,tha,tjk,tkm,tls,ton,tto,tun,tur,tuv,tza,uga,ukr,umc,ury,usa,uzb,vct,ven,vir,vnm,vut,wld,wsm,yem,zaf,zmb,zwe,	0	3	1				True
languagetag	languagetag		IETF language tags (RFC 5646)	data	text	en-gb,ru,	0	5					False
ipv4	ipv4	ipv4	IPv4 address	data	ppr	Word(nums, min=1, max=3) + 3*('.'+Word(nums, min=1, max=4))	7	15	1	metacrafterext.rules.common.internet.validate_ipv4			False
ipv6	ipv6	ipv6	IPv6 address	data	ppr	((Word('0123456789abcdefABCDEF', min = 1, max = 4) + Literal(':').suppress()) * 7 + Word('0123456789abcdefABCDEF', min = 1, max = 4)) ^ (Word('0123456789abcdefABCDEF', min = 1, max = 4) + (Literal(':').suppress() + Word('0123456789abcdefABCDEF', min = 1, max = 4)) * (0, 6) + Literal('::')) ^ (Word('0123456789abcdefABCDEF', min = 1, max = 4) + (Literal(':').suppress() + Word('0123456789abcdefABCDEF', min = 1, max = 4)) * (0, 5) + Literal('::') + Word('0123456789abcdefABCDEF', min = 1, max = 4)) ^ (Word('0123456789abcdefABCDEF', min = 1, max = 4) + (Literal(':').suppress() + Word('0123456789abcdefABCDEF', min = 1, max = 4)) * (0, 4) + Literal('::') + (Word('0123456789abcdefABCDEF', min = 1, max = 4) + Literal(':').suppress()) + Word('0123456789abcdefABCDEF', min = 1, max = 4)) ^ (Word('0123456789abcdefABCDEF', min = 1, max = 4) + (Literal(':').suppress() + Word('0123456789abcdefABCDEF', min = 1, max = 4)) * (0, 3) + Literal('::') + (Word('0123456789abcdefABCDEF', min = 1, max = 4) + Literal(':').suppress()) * 2 + Word('0123456789abcdefABCDEF', min = 1, max = 4)) ^ (Word('0123456789abcdefABCDEF', min = 1, max = 4) + (Literal(':').suppress() + Word('0123456789abcdefABCDEF', min = 1, max = 4)) * (0, 2) + Literal('::') + (Word('0123456789abcdefABCDEF', min = 1, max = 4) + Literal(':').suppress()) * 3 + Word('0123456789abcdefABCDEF', min = 1, max = 4)) ^ (Word('0123456789abcdefABCDEF', min = 1, max = 4) + (Literal(':').suppress() + Word('0123456789abcdefABCDEF', min = 1, max = 4)) * (0, 1) + Literal('::') + (Word('0123456789abcdefABCDEF', min = 1, max = 4) + Literal(':').suppress()) * 4 + Word('0123456789abcdefABCDEF', min = 1, max = 4)) ^ (Word('0123456789abcdefABCDEF', min = 1, max = 4) + Literal('::') + (Word('0123456789abcdefABCDEF', min = 1, max = 4) + Literal(':').suppress()) * 5 + Word('0123456789abcdefABCDEF', min = 1, max = 4))	15	39	1	metacrafterext.rules.common.internet.validate_ipv6			False
eui48	eui48	eui48	MAC address (EUI48)	data	ppr	Word(hexnums, min=2, max=2) + 5*(':'+Word(hexnums, min=2, max=2))	17	17	1	metacrafterext.rules.common.internet.validate_macaddr			False
isbn13	isbn13		International Standard Book Number (ISBN)	data	ppr	Word(nums, exact=3) + Literal('-').suppress() + Word(nums, exact=1) + Literal('-').suppress() + Word(nums, exact=2) + Literal('-').suppress() + Word(nums, exact=6) + Literal('-').suppress() + Word(nums, exact=1)	17	17	1	metacrafterext.rules.common.objects.valid_isbn13			False
isbn10	isbn10		International Standard Book Number (ISBN)	data	ppr	Word(nums, exact=1) + Literal('-').suppress() + Word(nums, exact=2) + Literal('-').suppress() + Word(nums, exact=6) + Literal('-').suppress() + Word(nums, exact=1)	13	13	1	metacrafterext.rules.common.objects.valid_isbn10			False
doibydata	doi		DOI unique ID of publication	data	ppr	Literal("10.") + Word(nums,exact=4) + Literal("/") + Word(printables)	3	100					False
vehiclenumberbyfieldname	vehiclenumber		Vehicle number by known fieldnames	data	text	vehiclenumber,vehicle number,vehicle_number	13	14					False
endayofweek	endayofweek		English day of week	data	text	monday,tuesday,wednesday,thursday,friday,saturday,sunday	6	9					False
enmonth	enmonth		English month	data	text	january,february,march,april,may,june,jule,august,september,october,november,december	3	9					False
enmonthshort	enmonthshort		English month shortened	data	text	jan,feb,mar,apr,may,jun,jul,aug,sep,oct,nov,dec	3	3					False
encompanynamebypostfix	encompanyname		UK name of the company	data	func	metacrafterext.rules.en.orgs.is_uk_orgname	10	120	1				False
ruokeiname	okeiname		Russian OKEI code by value	data	text	единицы длины,миллиметр,сантиметр,дециметр,метр,километр^тысяча метров,мегаметр^миллион метров,морская миля (1852 м),единицы площади,квадратный миллиметр,квадратный сантиметр,квадратный дециметр,квадратный метр,тысяча квадратных метров,гектар,квадратный километр,ар (100 м2),единицы объема,кубический миллиметр,кубический сантиметр^миллилитр,литр^кубический дециметр,кубический метр,децилитр,гектолитр,мегалитр,миллион кубических метров,единицы массы,гектограмм,миллиграмм,грамм,микрограмм,килограмм,тонна^метрическая тонна (1000 кг),килотонна,сантиграмм,технические единицы,ватт,киловатт,мегаватт^тысяча киловатт,вольт,киловольт,киловольт-ампер,киловар,ватт-час,киловатт-час,ампер,тысяча ампер-часов,кулон,джоуль,килоджоуль,ом,градус цельсия,градус фаренгейта,кандела,люкс,люмен,кельвин,ньютон,герц,килогерц,мегагерц,паскаль,сименс,килопаскаль,мегапаскаль,гигабеккерель,килобеккерель,милликюри,кюри,грамм делящихся изотопов,мегабеккерель,миллибар,бар,гектобар,килобар,фарад,киллограмм на кубический метр,зиверт,микрозиверт,моль,миллизиверт,беккерель,вебер,узел (миля/ч),метр в секунду,оборот в секунду,оборот в минуту,километр в час,метр на секунду в квадрате,кулон на килограмм,единицы времени,секунда,минута,час,сутки,неделя,декада,месяц,квартал,полугодие,год,десятилетие,экономические единицы,килограмм в секунду,тонна пара в час,кубический метр в секунду,кубический метр в час,тысяча кубических метров в сутки,бобина,лист,сто листов,тысяча стандартных условных кирпичей,дюжина (12 шт.),изделие,сто ящиков,набор,пара (2 шт.),два десятка,десять пар,дюжина пар,посылка,часть,рулон,дюжина рулонов,дюжина штук,элемент,упаковка,дюжина упаковок,сто упаковок,штука,сто штук,тысяча штук,миллион штук,миллиард штук,биллион штук (европа)^триллион штук,квинтильон штук (европа),крепость спирта по массе,крепость спирта по объему,литр чистого (100 %) спирта,гектолитр чистого (100 %) спирта,килограмм пероксида водорода,килограмм 90 %-го сухого вещества,тонна 90 %-го сухого вещества,килограмм оксида калия,килограмм гидроксида калия,килограмм азота,килограмм гидроксида натрия,килограмм пятиокиси фосфора,килограмм урана,погонный метр,тысяча погонных метров,условный метр,тысяча условных метров,километр условных труб,тысяча квадратных дециметров,миллион квадратных дециметров,миллион квадратных метров,тысяча гектаров,условный квадратный метр,тысяча условных квадратных метров,миллион условных квадратных метров,квадратный метр общей площади,тысяча квадратных метров общей площади,миллион квадратных метров общей площади,квадратный метр жилой площади,тысяча квадратных метров жилой площади,миллион квадратных метров жилой площади,квадратный метр учебно-лабораторных зданий,тысяча квадратных метров учебно-лабораторных зданий,миллион квадратных метров в двухмиллиметровом исчислении,тысяча кубических метров,миллиард кубических метров,декалитр,тысяча декалитров,миллион декалитров,плотный кубический метр,условный кубический метр,тысяча условных кубических метров,миллион кубических метров переработки газа,тысяча плотных кубических метров,тысяча полулитров,миллион полулитров,тысяча литров^1000 литров,тысяча каратов метрических,миллион каратов метрических,тысяча тонн,миллион тонн,тонна условного топлива,тысяча тонн условного топлива,миллион тонн условного топлива,тысяча тонн единовременного хранения,тысяча тонн переработки,условная тонна,тысяча центнеров,вольт-ампер,метр в час,килокалория,гигакалория,тысяча гигакалорий,миллион гигакалорий,калория в час,килокалория в час,гигакалория в час,тысяча гигакалорий в час,миллион ампер-часов,миллион киловольт-ампер,киловольт-ампер реактивный,миллиард киловатт-часов,тысяча киловольт-ампер реактивных,лошадиная сила,тысяча лошадиных сил,миллион лошадиных сил,бит,байт,килобайт,мегабайт,бод,генри,тесла,килограмм на квадратный сантиметр,миллиметр водяного столба,миллиметр ртутного столба,сантиметр водяного столба,фемтосекунда,пикосекунда,наносекунда,микросекунда,миллисекунда,рубль,тысяча рублей,миллион рублей,миллиард рублей,триллион рублей,квадрильон рублей,пассажиро-километр,пассажирское место (пассажирских мест),тысяча пассажиро-километров,миллион пассажиро-километров,пар грузовых поездов в сутки,пассажиропоток,тонно-километр,тысяча тонно-километров,миллион тонно-километров,тысяча наборов,тысяча метров кубических в час,километр в сутки,грамм на киловатт-час,килограмм на гигакалорию,тонно-номер,автотонна,тонна тяги,дедвейт-тонна,тонна-танид,человек на квадратный метр,человек на квадратный километр,тонна в час,тонна в сутки,тонна в смену,тысяча тонн в сезон,тысяча тонн в год,человеко-час,человеко-день,тысяча человеко-дней,тысяча человеко-часов,тысяча условных банок в смену,миллион единиц в год,посещение в смену,тысяча посещений в смену,пара в смену,тысяча пар в смену,миллион тонн в год,тонна переработки в сутки,тысяча тонн переработки в сутки,центнер переработки в сутки,тысяча центнеров переработки в сутки,тысяча голов в год,миллион голов в год,тысяча птицемест,тысяча кур-несушек,тысяча тонн пара в час,тысяча прядильных веретен,тысяча прядильных мест,доза,тысяча доз,единица,тысяча единиц,миллион единиц,канал,тысяча комплектов,место,тысяча мест,тысяча номеров,тысяча гектаров порций,пачка,тысяча пачек,процент,базисный пункт,тысяча рулонов,тысяча станов,станция,тысяча тюбиков,тысяча условных тубов,миллион упаковок,тысяча упаковок,человек,тысяча человек,миллион человек,миллион экземпляров,ячейка,ящик,голова,тысяча пар,миллион пар,комплект,секция,бутылка,тысяча бутылок,ампула,тысяча ампул,флакон,тысяча флаконов,тысяча тубов,тысяча коробок,условная единица,тысяча условных единиц,миллион условных единиц,условная штука,тысяча условных штук,условная банка,тысяча условных банок,миллион условных банок,условный кусок,тысяча условных кусков,миллион условных кусков,условный ящик,тысяча условных ящиков,условная катушка,тысяча условных катушек,условная плитка,тысяча условных плиток,условный кирпич,тысяча условных кирпичей,миллион условных кирпичей,семья,тысяча семей,миллион семей,домохозяйство,тысяча домохозяйств,миллион домохозяйств,ученическое место,тысяча ученических мест,рабочее место,тысяча рабочих мест,посадочное место,тысяча посадочных мест,номер,квартира,тысяча квартир,койка,тысяча коек,том книжного фонда,тысяча томов книжного фонда,условный ремонт,условный ремонт в год,смена,лист авторский,лист печатный,лист учетно-издательский,знак,слово,символ,условная труба,тысяча пластин,миллион доз,миллион листов-оттисков,вагоно (машино)-день,тысяча вагоно (машино)-часов,тысяча вагоно (машино)-километров,тысяча место-километров,вагоно-сутки,тысяча поездо-часов,тысяча поездо-километров,тысяча тонно-миль,тысяча пассажиро-миль,автомобиле-день,тысяча автомобиле-тонно-дней,тысяча автомобиле-часов,тысяча автомобиле-место-дней,приведенный час,самолето-километр,тысяча километров,тысяча тоннаже-рейсов,миллион тонно-миль,миллион пассажиро-миль,миллион тоннаже-миль,миллион пассажиро-место-миль,кормо-день,центнер кормовых единиц,тысяча автомобиле-километров,тысяча тоннаже-суток,суго-сутки,штук в 20-футовом эквиваленте (дфэ),канало-километр,канало-концы,тысяча экземпляров,тысяча долларов,тысяча тонн кормовых единиц,миллион тонн кормовых единиц,судо-сутки,центнеров с гектара,тысяча голов,тысяча краско-оттисков,миллион краско-оттисков,миллион условных плиток,человек в час,пассажиров в час,пассажиро-миля,бит в секунду,грей в секунду,грей в минуту,грей в час,микрогрей в секунду,микрогрей в час,миллигрей в час,зиверт в час,микрозиверт в секунду,микрозиверт в час,миллизиверт в час,градус (плоского угла),минута (плоского угла),секунда (плоского угла),килобит в секунду,мегабит в секунду,гигабит в секунду,байт в секунду,гигабайт в секунду,гигабайт,терабайт,петабайт,эксабайт,зеттабайт,йоттабайт,килобайт в секунду,мегабайт в секунду,эрланг,децибел,рубль тонна,дето-день,человек в год,посещение,тысяча гнезд,единиц в год,вызов,посевная единица,штамм,абонент,особь,коробка,миллион гектаров,миллиард гектаров,койко-день,пациенто-день,запись,документ,лист-оттиск,вагоно (машино)-час,миллион голов,летный час,балл,миллион долларов,миллиард долларов,доллар за тонну,дозировка лекарственных препаратов,протеолитическая единица,микрограмм на миллилитр,микрограмм в сутки,микрограмм в час,микрограмм на дозу,миллимоль на миллилитр,миллимоль на литр,грей,микрогрей,миллигрей,килогрей,гигагерц,терагерц	2	56					False
ruokeicode	okei		Russian OKEI code by known name and value	data	text	003,004,005,006,008,009,039,041,043,047,050,051,053,055,058,059,061,071,073,075,109,110,111,112,113,118,122,126,131,132,133,159,160,161,162,163,164,166,168,170,173,181,185,206,212,214,215,222,223,227,228,230,243,245,246,247,260,263,264,270,271,273,274,280,281,282,283,284,288,289,290,291,292,294,296,297,298,300,301,302,303,304,305,306,307,308,309,310,312,314,316,318,319,320,321,323,324,327,328,330,331,333,335,349,354,355,356,359,360,361,362,364,365,366,368,499,533,596,598,599,616,625,626,630,641,657,683,704,715,730,732,733,734,735,736,737,740,745,778,780,781,796,797,798,799,800,801,802,820,821,831,833,841,845,847,852,859,861,863,865,867,018,019,020,048,049,054,056,057,060,062,063,064,081,082,083,084,085,086,087,088,089,114,115,116,119,120,121,123,124,125,127,128,129,130,165,167,169,171,172,175,176,177,178,179,207,226,231,232,233,234,235,236,237,238,239,241,242,248,249,250,251,252,253,254,255,256,257,258,287,313,317,337,338,339,348,350,351,352,353,383,384,385,386,387,388,414,421,423,424,426,427,449,450,451,479,508,509,510,511,512,513,514,515,516,521,522,534,535,536,537,538,539,540,541,542,543,544,545,546,547,548,550,552,553,554,555,556,557,558,559,561,562,563,639,640,642,643,644,661,673,698,699,709,724,728,729,744,746,747,751,761,762,775,776,779,782,792,793,794,808,810,812,836,837,838,839,840,868,869,870,871,872,873,874,875,876,877,878,879,880,881,882,883,884,885,886,887,888,889,890,891,892,893,894,895,896,897,898,899,900,901,902,903,904,905,906,907,908,909,910,911,912,913,914,915,916,917,918,920,921,922,923,924,925,930,937,949,950,951,952,953,954,955,956,957,958,959,960,961,962,963,964,965,966,967,968,969,970,971,972,973,974,975,976,977,978,979,980,981,982,983,984,985,986,987,988,989,990,991,2541,2311,2312,2313,2314,2315,2316,2351,2352,2353,2354,2355,2356,2357,2543,2545,2547,2551,2552,2553,2554,2555,2556,2557,2558,2561,2571,2581,3135,3831,5401,5423,5451,5562,6421,6422,6423,6424,7923,8361,8751,9061,9062,9111,9113,9245,9246,9491,9501,9557,9641,9642,9802,9803,9805,9910,9911,9912,9913,9914,9915,9916,9917,9918,9920,9921,9922,9923,9924,9925,9926,9927,9930,9931,9940,9941,9950,9951,9960,9961,9962,9970,9971,9980,9981,9982,9983,9985,9986,9987,9988,9990,9991,276,277,278,279,293,295	3	4			okei_code,okeicode,океи,code_okei	text	False
ruokvknown	okvalpha		Russian OKV (currency code) alpha code by known name (only common currencies)	data	text	rub,usb,eur,gbp,chf,cny	3	3					False
ruokvknownname	okvname		Russian OKV (currency code) alpha code by name	data	text	российский рубль,евро,доллар сша,фунт стерлингов,юань	4	16					False
ruokpdcode	okpd		Russian OKPD code by known name and value	data	ppr	(Word(nums, exact=2) + Literal('.') + Word(nums, min=1, max=2)) ^ (Word(nums, exact=2) + Literal('.') + Word(nums, min=1, max=2) + Literal('.') + Word(nums, min=1, max=2)) ^ (Word(nums, exact=2) + Literal('.') + Word(nums, min=1, max=2) + Literal('.') + Word(nums, min=1, max=2) + Literal('.') + Word(nums, exact=3))	4	12			Optional(Word(printables)) + Literal('okpd', caseless=True) + Optional(Word(printables))		False
ruookvedcodepat	okved		Russian OKVED code by known name and value	data	ppr	(Word(nums, min=1, max=3) + Literal('.') + Word(nums, min=1, max=3)) ^ (Word(nums, min=1, max=3) + 2*(Literal('.')+Word(nums, min=1, max=3))) ^ (Word(nums, min=1, max=3) + 3*(Literal('.')+Word(nums, min=1, max=3)))	3	8			Optional(Word(printables)) + Literal('okved') + Optional(Word(printables))	ppr	False
ruokpdcodeimprecise	okpd		Russian OKPD code by known name and value	data	ppr	(Word(nums, exact=2) + Literal('.') + Word(nums, min=1, max=2)) ^ (Word(nums, exact=2) + Literal('.') + Word(nums, min=1, max=2) + Literal('.') + Word(nums, min=1, max=2)) ^ (Word(nums, exact=2) + Literal('.') + Word(nums, min=1, max=2) + Literal('.') + Word(nums, min=1, max=2) + Literal('.') + Word(nums, exact=3))	4	12					True
ruookvedcodepatimprecise	okved		Russian OKVED code by known name and value	data	ppr	(Word(nums, min=1, max=3) + Literal('.') + Word(nums, min=1, max=3)) ^ (Word(nums, min=1, max=3) + 2*(Literal('.')+Word(nums, min=1, max=3))) ^ (Word(nums, min=1, max=3) + 3*(Literal('.')+Word(nums, min=1, max=3)))	3	8					True
rusyesnobool	boolean		Russian yes no boolean	data	text	да,нет	2	3					False
rusdayofweek	rusdayofweek		Russian day of week	data	text	понедельник,вторник,среда,четверг,пятница,суббота,воскресенье	5	11					False
rustimerangebypat	rustimerange		Time range by pattern (с 10:00 по 15:00) used in Russian datasets	data	ppr	Literal("с") + Word("012", exact=1) + Word(nums, exact=1) + Literal(":") + Word("012345", exact=1) + Word(nums, exact=1) + Literal("по") + Word("012", exact=1) + Word(nums, exact=1) + Literal(":") + Word("012345", exact=1) + Word(nums, exact=1)	3	100					False
bikcodepat	bik		Russian banking identification code	data	ppr	Word(nums, exact=6)	3	100			bik,bankbic	text	False
bankaccount	bankaccount		Russian bank account	data	ppr	Word(nums, exact=20)	20	20		metacrafterext.rules.ru.finances.is_bank_account	currentaccount,personalaccount,correspondentaccount	text	False
bankaccountpat	bankaccount		Russian bank account	data	ppr	Word(nums, exact=20)	20	20		metacrafterext.rules.ru.finances.is_bank_account			False
russianbikcode	bik		Russian Bank identification code (BIK)	data	text	000396186,000510022,000816041,000825040,004525987,004525988,007162163,007182108,007749104,010173001,010349101,010407105,010507002,010702101,010813050,011012100,011117401,011203901,011403102,011501101,011708377,011806101,011909101,012007084,012202102,012406500,012520101,012618001,012748051,012809106,012908002,013002402,013207212,013304182,013469126,013510002,013601205,013735150,013807906,014030106,014106101,014206212,014442501,014705901,014959900,015004950,015209001,015354008,015402901,015655003,015773997,015805002,016015102,016081973,016126031,016311121,016401800,016577551,016614901,016711001,016850200,016902004,017003983,017102101,017308101,017501500,017601329,017719101,017888102,017908101,018073401,018142016,018209001,018327106,018405033,018580010,018602104,018702501,018860003,018952501,019033100,019133001,019205400,019304100,019401100,019514901,019690001,019706900,019805001,019923923,024501901,040001002,040002002,040004002,040012002,040021002,040031002,040037002,040037471,040041002,040047002,040147000,040173001,040173604,040173733,040173745,040173749,040173754,040173771,040181002,040349001,040349521,040349536,040349542,040349548,040349550,040349556,040349569,040349602,040349700,040349715,040349718,040349722,040349744,040349745,040349758,040349772,040349781,040349788,040349789,040349808,040349815,040349830,040349838,040349909,040349966,040394002,040394101,040395000,040395950,040396000,040396055,040397002,040397100,040407001,040407388,040407427,040407523,040407555,040407592,040407627,040407686,040407699,040407702,040407777,040407795,040407853,040407862,040407877,040407915,040407923,040486002,040486100,040495000,040507001,040507595,040507705,040507707,040507717,040507750,040507795,040507803,040507840,040507861,040507867,040507871,040507879,040507883,040507886,040507888,040507900,040508000,040510000,040582002,040582101,040583002,040583102,040587002,040702001,040702615,040702701,040702703,040702724,040702734,040702748,040702750,040702752,040702754,040702760,040702763,040702773,040702788,040702793,040703002,040703101,040708000,040708744,040715000,040715725,040813001,040813608,040813700,040813704,040813713,040813727,040813733,040813744,040813757,040813770,040813813,040813838,040813864,040813886,040816000,040825000,040881002,040881100,040884002,040885002,040886002,040886101,041012001,041012050,041012718,041012731,041012764,041012765,041013000,041081002,041081100,041106000,041117001,041117309,041117601,041117772,041122002,041122101,041125000,041126002,041203001,041203602,041203711,041203712,041203715,041203726,041236002,041236100,041280002,041280103,041403001,041403633,041403701,041403740,041403747,041403838,041480002,041501001,041501601,041501747,041580002,041708001,041708602,041708706,041708708,041708772,041806001,041806647,041806701,041806715,041806745,041806831,041806863,041806870,041806898,041856000,041909001,041909644,041909707,041909717,041909760,041909769,041909772,041909786,041946000,041946748,041980002,042007001,042007677,042007681,042007707,042007709,042007778,042007800,042007811,042007835,042007855,042080002,042202001,042202603,042202705,042202708,042202714,042202717,042202718,042202720,042202727,042202731,042202733,042202735,042202745,042202747,042202764,042202773,042202799,042202803,042202806,042202807,042202812,042202821,042202824,042202837,042202841,042202846,042202847,042202863,042202873,042202876,042202886,042202891,042282000,042282751,042282881,042299002,042299100,042406001,042406608,042406701,042406705,042406707,042406718,042406738,042406780,042406807,042520001,042520607,042520700,042520728,042520764,042520767,042520777,042520780,042520811,042520840,042520842,042520849,042520872,042534002,042581002,042618001,042618783,042748001,042748634,042748701,042748801,042748866,042748877,042748878,042780002,042780104,042784002,042784101,042785002,042785100,042809001,042809679,042809795,042809903,042809921,042809953,042809992,042880002,042880101,042908001,042908612,042908701,042908748,042908762,042908770,042908780,042980002,043002001,043002717,043002801,043015000,043081002,043081100,043083002,043083101,043207001,043207612,043207707,043207720,043207748,043207757,043207776,043207780,043207782,043207793,043209000,043209705,043209706,043209740,043209770,043304001,043304609,043304705,043304711,043304728,043304757,043304787,043380002,043380100,043469001,043469623,043469710,043469714,043469720,043469731,043469743,043469751,043510001,043510101,043510107,043510111,043510123,043510607,043512002,043512100,043601001,043601592,043601607,043601701,043601706,043601707,043601709,043601742,043601777,043601806,043601811,043601842,043601845,043601863,043601869,043601876,043601878,043601889,043601917,043601919,043601933,043601968,043601978,043678000,043678838,043678859,043678929,043678944,043683002,043735001,043735650,043735821,043735830,043735853,043807001,043807330,043807606,043807798,044012000,044030001,044030303,044030505,044030653,044030702,044030704,044030705,044030706,044030707,044030710,044030716,044030723,044030724,044030729,044030733,044030741,044030742,044030747,044030751,044030752,044030754,044030755,044030757,044030758,044030760,044030761,044030764,044030765,044030770,044030772,044030778,044030783,044030785,044030786,044030787,044030790,044030795,044030812,044030814,044030819,044030820,044030824,044030826,044030827,044030831,044030839,044030845,044030852,044030858,044030861,044030866,044030869,044030870,044030874,044030877,044030878,044030879,044030882,044030885,044030889,044030892,044030902,044030904,044030907,044030910,044030920,044030924,044030925,044080002,044080104,044083000,044106001,044106050,044106725,044106741,044106770,044106817,044106871,044106888,044125002,044206001,044206604,044206708,044206756,044442001,044442607,044501002,044501077,044501078,044525000,044525051,044525052,044525053,044525054,044525057,044525058,044525059,044525060,044525062,044525063,044525067,044525070,044525071,044525072,044525073,044525074,044525075,044525077,044525079,044525082,044525083,044525084,044525086,044525089,044525090,044525092,044525093,044525094,044525095,044525096,044525097,044525099,044525101,044525102,044525105,044525106,044525107,044525108,044525109,044525111,044525112,044525116,044525120,044525122,044525123,044525124,044525125,044525126,044525127,044525128,044525129,044525130,044525131,044525132,044525133,044525134,044525135,044525137,044525138,044525139,044525140,044525142,044525144,044525146,044525147,044525148,044525151,044525154,044525157,044525158,044525159,044525160,044525161,044525162,044525163,044525165,044525166,044525169,044525170,044525173,044525174,044525176,044525178,044525179,044525180,044525181,044525182,044525183,044525184,044525185,044525186,044525187,044525188,044525192,044525193,044525194,044525196,044525200,044525201,044525202,044525203,044525204,044525208,044525211,044525213,044525214,044525215,044525218,044525220,044525222,044525225,044525227,044525228,044525229,044525232,044525233,044525234,044525236,044525237,044525238,044525241,044525242,044525244,044525245,044525246,044525247,044525250,044525253,044525254,044525256,044525257,044525259,044525261,044525262,044525265,044525266,044525267,044525268,044525270,044525271,044525272,044525273,044525274,044525275,044525278,044525279,044525280,044525281,044525284,044525285,044525286,044525287,044525288,044525289,044525292,044525293,044525297,044525298,044525299,044525300,044525302,044525303,044525304,044525306,044525307,044525308,044525310,044525311,044525313,044525315,044525318,044525319,044525320,044525322,044525324,044525325,044525326,044525327,044525328,044525329,044525333,044525335,044525337,044525339,044525340,044525341,044525342,044525346,044525348,044525349,044525350,044525351,044525353,044525354,044525355,044525356,044525359,044525360,044525361,044525362,044525366,044525368,044525371,044525373,044525374,044525375,044525376,044525378,044525379,044525381,044525387,044525388,044525391,044525395,044525397,044525398,044525401,044525402,044525408,044525409,044525411,044525412,044525413,044525416,044525421,044525423,044525424,044525429,044525430,044525431,044525433,044525434,044525435,044525436,044525440,044525444,044525445,044525447,044525450,044525451,044525453,044525454,044525455,044525457,044525460,044525461,044525464,044525465,044525466,044525470,044525471,044525473,044525476,044525477,044525484,044525485,044525488,044525490,044525491,044525494,044525497,044525498,044525500,044525501,044525502,044525503,044525505,044525512,044525514,044525517,044525518,044525520,044525521,044525526,044525534,044525535,044525536,044525538,044525541,044525544,044525545,044525547,044525549,044525550,044525551,044525553,044525555,044525556,044525561,044525563,044525567,044525568,044525569,044525571,044525576,044525583,044525584,044525586,044525587,044525588,044525591,044525592,044525593,044525597,044525599,044525600,044525603,044525604,044525606,044525608,044525610,044525619,044525621,044525624,044525626,044525630,044525631,044525632,044525635,044525636,044525645,044525646,044525651,044525652,044525653,044525656,044525659,044525660,044525664,044525666,044525672,044525673,044525674,044525675,044525676,044525677,044525678,044525679,044525682,044525683,044525684,044525685,044525686,044525688,044525690,044525691,044525692,044525694,044525695,044525696,044525697,044525699,044525700,044525701,044525703,044525706,044525709,044525710,044525711,044525713,044525717,044525718,044525719,044525720,044525726,044525728,044525729,044525731,044525732,044525733,044525736,044525737,044525738,044525739,044525744,044525745,044525746,044525747,044525748,044525749,044525754,044525755,044525756,044525757,044525760,044525762,044525766,044525767,044525769,044525770,044525771,044525773,044525774,044525775,044525776,044525777,044525779,044525782,044525783,044525784,044525787,044525789,044525792,044525793,044525795,044525797,044525799,044525800,044525801,044525805,044525808,044525811,044525814,044525815,044525823,044525829,044525831,044525832,044525843,044525844,044525852,044525857,044525858,044525860,044525861,044525880,044525881,044525882,044525887,044525893,044525895,044525898,044525899,044525900,044525901,044525902,044525907,044525910,044525911,044525917,044525919,044525921,044525922,044525926,044525928,044525930,044525931,044525932,044525933,044525934,044525935,044525936,044525941,044525946,044525951,044525957,044525967,044525971,044525974,044525976,044525984,044525985,044525986,044525990,044525993,044525994,044525999,044536002,044537002,044566002,044582002,044584002,044584100,044587002,044588002,044588100,044588101,044593002,044594002,044600002,044674002,044674100,044680002,044681002,044681102,044697002,044697100,044703000,044705001,044705301,044705615,044705768,044715002,044715100,044780002,044780100,044781002,044781102,044782002,044782100,044783002,044784002,044784101,044785002,044785102,044906000,044959001,044959698,044959722,044959746,044959775,045004001,045004051,045004162,045004641,045004701,045004711,045004719,045004725,045004750,045004760,045004763,045004774,045004778,045004783,045004784,045004785,045004794,045004799,045004814,045004815,045004816,045004818,045004832,045004833,045004837,045004850,045004861,045004864,045004867,045004883,045004888,045080002,045080101,045081002,045081100,045209001,045209673,045209701,045209702,045209703,045209713,045209777,045209822,045209884,045209885,045306000,045306818,045339000,045339827,045354001,045354601,045354814,045354816,045354817,045354860,045354880,045354885,045385002,045385100,045386002,045386101,045402001,045402601,045402704,045402719,045402725,045402751,045655001,045655635,045655707,045655718,045773001,045773705,045773707,045773712,045773713,045773756,045773764,045773790,045773804,045773808,045773843,045773873,045773897,045795000,045801002,045801101,045805001,045805602,045805722,045805755,045805772,045853000,045853729,045853774,046014000,046014327,046014336,046014718,046015001,046015050,046015051,046015052,046015061,046015064,046015066,046015068,046015075,046015078,046015080,046015081,046015088,046015207,046015211,046015234,046015239,046015300,046015602,046015728,046015761,046015762,046015804,046015846,046015860,046015872,046015913,046015938,046015946,046015961,046015999,046080002,046080101,046126001,046126614,046126701,046126708,046126744,046126790,046126793,046311001,046311722,046311751,046311755,046311772,046311843,046311887,046311890,046311902,046380002,046382002,046401001,046401444,046401727,046401728,046401747,046401772,046401989,046404000,046482002,046489002,046510000,046510805,046521000,046576002,046577001,046577402,046577403,046577406,046577409,046577411,046577418,046577420,046577422,046577446,046577501,046577507,046577517,046577674,046577743,046577756,046577768,046577774,046577781,046577795,046577851,046577881,046577896,046577903,046577904,046577906,046577909,046577922,046577952,046577964,046577971,046577972,046577975,046577978,046577993,046579002,046579100,046580002,046614001,046614632,046614718,046614748,046614754,046614776,046709002,046709101,046709102,046711001,046711103,046711106,046850001,046850649,046850713,046850755,046902001,046902606,046902711,046902728,046902758,047003001,047003608,047003715,047003716,047003729,047003764,047003779,047003792,047102001,047102613,047102622,047102651,047102658,047102693,047102802,047102803,047102804,047102827,047102861,047102870,047102885,047117000,047144000,047144709,047144721,047144778,047162000,047162812,047169000,047169702,047169742,047169777,047173000,047173611,047182000,047186000,047186825,047308001,047308602,047308811,047308813,047308815,047308818,047308897,047501001,047501602,047501616,047501711,047501742,047501751,047501779,047501787,047501799,047501821,047501830,047501843,047501906,047501982,047501988,047516000,047516949,047520000,047582002,047582100,047583002,047601001,047601205,047601637,047601740,047681002,047681100,047686002,047719001,047728000,047749000,047888001,047888372,047888710,047888717,047888728,047888740,047888760,047908001,047908700,047908704,047908745,047980002,047980101,048047000,048073001,048073601,048073765,048073770,048073809,048073842,048073846,048073855,048073875,048073902,048073928,048073934,048073948,048073949,048080002,048080100,048082000,048086000,048140002,048140100,048142001,048142604,048142727,048142736,048142744,048182002,048182100,048209001,048209395,048209719,048209742,048209744,048209748,048209755,048209775,048209793,048209848,048209880,048209918,048209943,048209964,048270002,048270101,048327001,048327710,048327736,048327741,048327749,048327765,048327780,048337000,048405001,048405602,048405718,048580001,048580724,048602001,048602673,048602746,048606000,048702001,048702640,048702739,048702781,048708000,048717000,048717785,048718000,048718777,048860001,048860630,048860721,048860734,048860889,048880002,048880100,048952001,048952615,048952630,048952749,048952750,048952752,049033001,049033199,049033745,049033746,049033758,049033764,049033780,049082002,049082100,049133001,049133812,049133845,049205001,049205131,049205201,049205525,049205555,049205603,049205702,049205703,049205706,049205708,049205734,049205770,049205772,049205774,049205795,049205804,049205805,049205815,049205844,049205858,049205878,049205885,049205910,049205919,049205931,049205933,049209000,049209767,049209778,049246000,049304001,049304735,049304738,049401001,049401601,049401710,049401758,049401814,049401825,049401863,049401869,049401871,049514001,049514608,049514720,049514745,049626002,049626100,049627002,049628002,049631002,049690001,049690719,049706001,049706609,049706717,049706723,049706725,049706749,049706752,049805001,049805609,049805709,049805770,049805771,049805992,049820000,049849000,049923001,200000147,200000153,200000154,200000157,200000165,200000223,200000225,200000227,200000232,200000234,200000239,200000240,200000241,200000242,200000249,200000252,200000257,200000258,200000259,200000260,200000262,200000265,200000268,200000271,200000273,200000276,200000279,200000280,200000282,200000283,200000285,200000288,200000291,200000292,200000298,200000313,200000314,200000315,200000320,200000323,200000324,200000326,200000330,200000332,200000333,200000334,200000335,200000337,200000338,200000339,200000340,200000342,200000343,200000345,200000346,200000347,200000350,200000354,200000357,200000358,200000359,200000365,200000371,200000381,200000384,200000385,200000386,200000390,200000398,200000400,200000405,200000406,200000407,200000408,200000409,200000411,200000412,200000417,200000419,200000423,200000424,200000425,200000436,200000437,200000440,200000441,200000447,200000448,200000450,200000459,200000460,200000470,200000477,200000481,200000483,200000484,200000486,200000487,200000488,200000489,200000495,200000497,200000507,200000509,200000517,200000520,200000532,200000538,200000542,200000545,200000546,200000547,200000548,200000549,200000550,200000551,200000552,200000555,200000556,200000557,200000558,200000559,200000560,200000561,200000562,200000563,200000566,200000571,200000574,200000575,200000576,200000579,200000580,200000584,200000585,200000586,200000587,200000590,200000591,200000593,200000594,200000595,200000596,200000597,200000601,200000603,200000606,200000609,200000610,200000611,200000612,200001031,200001157,201000873,203000221,204000206,205000024,205002861,207000150,208000079,210000050,211000123,211000237,212000008,214000061,215000042,217000027,218000225,219000037,220000008,222000300,224000020,225000021,226000017,227000057,228000025,229000080,229000102,230000770,232000049,233000221,234000187,235000565,236000127,237000125,238000020,240000189,241000086,242000073,244000054,245001173,245001228,245001229,245001291,245001292,245001293,245001294,245001296,245001961,245009721,245010410,245010945,245011006,245011052,245011058,245011066,245011072,245011073,245011074,247000033,249000136,250000313,252000078,253000417,254000012,256001199,257000961,258000013,260000867,261000110,261000577,263000258,264000026,265000060,265000194,265000477,266000058,267000017,268000429,269000094,270000017,271000013,271001005,271001666,273000290,275000099,276004297,277000440,278000117,278000688,278000689,278000760,278000785,279000070,280000624,280001523,280001572,281000080,282000048,283000024,284000103,285000012,286000017,287000077,288000267,289000040,290000103,291000018,292000450,293000016,294000122,295000301,295000958,296000010,297000102,298000132,299000020	9	9			bik,bic,@bic,bankbic,bankbik,refbook_bic	text	False
russianswiftcode	swiftcode		Russian bank SWIFT code	data	text	hvbkrummspb,cnovrummxxx,eabirummxxx,mukzrup1xxx,imbkrummpet,persrummxxx,amoorumixxx,prmsrummxxx,blicrummxxx,minnrummxxx,sjscrummprm,tembrummxxx,orbgru3sxxx,cetbrummxxx,apabrummxxx,pyharummxxx,newmrummxxx,alalrummxxx,ndearummxxx,indmrummxxx,icbmrummxxx,ruforummxxx,cogkrum1,riirrumm,slacrummxxx,platrummxxx,vrbmrummxxx,sjscrummxxx,prmirummxxx,smbcrummxxx,ibecrummxxx,ubrdru4exxx,ontoru22xxx,umtnrumm,citirumxxxx,ccivru2rxxx,eabrkzkaxxx,noobru55xxx,toybrummxxx,vtbrrum2kra,sabrrummna1,rtsbrummxxx,almzru8yxxx,avjsrummxxx,inuorummxxx,icfirummxxx,sabrrummsp1,alefrummxxx,badjrummspb,stajru22xxx,sabrrummra1,nadorummxxx,rfcbrummxxx,gcojrum1xxx,koexrumm,ingbrummxxx,sabrrummse1,uitbrummxxx,colkrummxxx,prmtru8vxxx,frflrummxxx,tjsbrummxxx,rosyru2pxxx,hranrummxxx,prsbru2pxxx,cflorummxxx,zwcbru4yxxx,fabarummxxx,ibazrummxxx,abslrummxxx,bpirrummxxx,badjrummvld,clokrummxxx,unrsrum1,ubswrummxxx,otpvrummxxx,mhccrummxxx,crduru4cxxx,trsnrummxxx,nccbrummxxx,mocsrum1,rcacrummxxx,botkrummxxx,sabrru2p,isbkrummxxx,mbrdrummxxx,ckbbrummxxx,rzbmrummxxx,ricirummxxx,vtbrrum2ns3,gazprummxxx,vtbrrummxxx,exirrummxxx,szipru2pxxx,jcamrummxxx,moccrummxxx,ikbarummxxx,fcbrrummxxx,icbkrummxxx,jsbcru4nxxx,eliaru22xxx,bbanru2rxxx,narnrummxxx,inearummxxx,cbnnrummxxx,crokrummxxx,nvobru21,itroru8yxxx,ptcbru8vxxx,nechru2kxxx,bcsbru55xxx,unskrummxxx,gazprumm024,rsbnrummxxx,mjsbrummxxx,tjscrummxxx,ruagrummxxx,rsjsrummxxx,rudlrummxxx,vbnkrummxxx,sgubru5sxxx,sabrru66cht,sabrrummea1,sabrrummtn1,itehru2pxxx,komxrummxxx,fribrummxxx,alfarummxxx,sabrrummkr1,sabrru66xxx,jivaru21xxx,krasru3axxx,sabrrummvh1,prioru2jxxx,zemcru22xxx,sabrru8kxxx,sabrrummma1,sabrru2p920,tambru21xxx,sgazru22xxx,sebpru2pxxx,modbru22,jxibru2pxxx,moswrum2xxx,nbtrrummmos,bijoru66xxx,nedvcnsh,forhru33xxx,rudvrummxxx,bdrfrummxxx,derzrummxxx,slabru21,avtbrummxxx,sinyru21xxx,vtbrrum2sa3,khzaru99xxx,dlnbrummxxx,byjsru33xxx,mobkrummxxx,ticsrummxxx,agcorummxxx,sabrrummnh1,gazprumm029,ajscru55xxx,abocrummxxx,fmosrummxxx,levbru55xxx,badjrummxxx,nbsxrumm,colkrummnsb,alfarumm,cupcru55,mbrdrummkha,evrfrummxxx,zajcru2kxxx,unebru2pxxx,psocru2pxxx,jcforummxxx,crlyru2pxxx,sgubru5s053,somrrumm030,coakrum1,sjsmrummxxx,enebru2pxxx,vtbrrum2nwr,vstarummxxx,brecru2sxxx,faebru8vxxx,runbrummxxx,bfearummxxx,wumtrummxxx,siserummxxx,ruidrummxxx,sisnru55xxx,khmuru55xxx,akoaru22xxx,chasrumxxxx,sldrru3sxxx,arrsru2kxxx,engoru21mos,engoru2kxxx,bratru6bxxx,asojru2nxxx,unepru8vxxx,vtbrrum2sp3,tavrru2pxxx,aresrummxxx,klucru4exxx,sabrrumm,sabrrumm012,micurummxxx,dalvru8xxxx,posbrumm,toglru3txxx,zenirummxxx,bnparummxxx,koshru3sxxx,timeru2k,kaboru2kxxx,tmkpru5txxx,gazprumm011,rsbnrummszf,mtibrummxxx,doliru8yxxx,somrrumm010,bkchrummkhb,itcurummxxx,sksbrummxxx,cresrummxxx,kaooru3cxxx,senrru31,vtbrrum2nin,vtbrrum2vrn,vtbrrum2eka,vtbrrum2rnd,vtbrrum2sta,vtbrrum2kha,vtbrrum2ms3,nfcbrummxxx,somrrummxxx,sjscrummvrn,nbdbru2nxxx,vtbrrum2ms2,ugzaru55xxx,mcrbrummxxx,expnrummxxx,saoaru2pxxx,vitaru2pxxx,ruagrum1035,vtbrrum2ek3,vtbrrum2kh3,vtbrrum2kd3,vtbrrum2vr3,vkngru2p,prmsrummyab,prmsrummnnv,prmsrummspb,prmsrummvgg,prmsrum1hab,prmsrummnsb,crosrummxxx,imbkrummxxx,chinru4cxxx,snezru4cxxx,asanru8xxxx,gainrummxxx,sjscrummrnd,codlrumm,sldbrummxxx,hvbkrummxxx,fnmmrummxxx,mtkcrummxxx,psocrua1mos,cingrummxxx,unclru2p,jscoru4pxxx,pvrbru4vxxx,skberu4exxx,alilrumm,intprumm,pshbrummxxx,tsdbru22xxx,snkbrumm,rrdbrummxxx,nbtrrummxxx,cobarummxxx,kukrru22xxx,cecbru2kxxx,gazprumm001,gazprumm002,gazprumm004,gazprumm007,gazprumm015,gazprumm025,gazprumm026,gazprumm032,gazprumm034,chlbru4cxxx,vowarummxxx,gazprumm036,gazprumm037,gazprumm038,gazprumm042,gazprumm047,gazprumm048,gazprumm049,bmwfrummxxx,deutrummxxx,smbkrummxxx,bkchrummxxx,somrrumm020,sjscrummnng,trryrummxxx,runirummxxx,scbmrummxxx,krasru3amos,atbtrummxxx,goldrummxxx,obibrummxxx,jscvrum2,niizrummxxx,rsirrum1xxx,incbru55xxx,comsrusmxxx,noksru2vxxx,otpvrummoms,ndomrummxxx,irbaru22xxx,belerummxxx,cpgbru2p,retlrummxxx,cbmwrummxxx,svibrummxxx,ivdcrummxxx,crlyru2pmsc,rosfru2axxx,sjscrummtvr,asijrummxxx,hcfbrummxxx,tczbrummxxx,risbrummxxx,rnbkrummxxx,sikprusmxxx,vizirummxxx,fojsrummxxx,csmmrummxxx,rosorummxxx,jsnmrummxxx,prokrummxxx,sprcru2pxxx,pcbcrummxxx,inknrum2xxx,jsbsru2pxxx,citvru2p,sezarum1xxx,kmbbrummxxx,avgrru22xxx,trcbru2kxxx,kremrummxxx,nasprummxxx,lsncrum1xxx,ruecrummxxx,bkavru2kxxx,jsnmrummnnv,caiwrummxxx,natxrummxxx	8	11			swift,swbic	text	False
rukadastrbypat	rukadastr		Russian land territory cadastral identifier by data pattern	data	ppr	Word(nums, min=1, max=2) + Literal(':').suppress() + Word(nums, min=1, max=2) + Literal(':').suppress() + Word(nums, min=6, max=7) + Literal(':').suppress() + Word(nums, min=1, max=6)	12	20	1				False
rusaddress	address	address	Russian address	data	func	metacrafterext.rules.ru.addr.is_russian_address	10	200	1				False
rusregionnamebypat	rusregion		Russian region by common pattern	data	text	москва,республика крым,ханты-мансийский автономный округ - югра,еврейская автономная область,ленинградская область,санкт-петербург,московская область,алтайский край,ярославская область,забайкальский край,челябинская область,ульяновская область,тюменская область,тульская область,томская область,тверская область,тамбовская область,смоленская область,свердловская область,сахалинская область,саратовская область,самарская область,рязанская область,ростовская область,краснодарский край,пермский край,пензенская область,орловская область,оренбургская область,омская область,новосибирская область,новгородская область,нижегородская область,магаданская область,липецкая область,курская область,костромская область,кировская область,кемеровская область,калужская область,калининградская область,иркутская область,ивановская область,воронежская область,вологодская область,волгоградская область,владимирская область,брянская область,белгородская область,архангельская область,амурская область,хабаровский край,ставропольский край,приморский край,красноярский край,чувашская республика,чеченская республика,республика хакасия,удмуртская республика,республика татарстан,республика саха (якутия),республика мордовия,республика марий эл,республика карелия,карачаево-черкесская республика,республика башкортостан,псковская область,республика адыгея,республика алтай,кабардино-балкарская республика,республика бурятия,республика дагестан,ямало-ненецкий автономный округ,астраханская область,республика северная осетия — алания,мурманская область,чукотский автономный округ,курганская область,республика ингушетия,камчатский край,республика коми,севастополь,республика калмыкия,республика тыва,ненецкий автономный округ	6	40					False
rusfeddistrict	rusfeddistrict		Russian region by common pattern	data	text	дальневосточный федеральный округ,центральный федеральный округ,приволжский федеральный округ,южный федеральный округ,уральский федеральный округ,северо-кавказский федеральный округ,северо-западный федеральный округ,сибирский федеральный округ	23	35					False
ruscities	ruscity	ruscity	Russian cities by common patterns	data	text	москва,санкт-петербург,новосибирск,екатеринбург,нижний новгород,казань,самара,омск,челябинск,ростов-на-дону,уфа,волгоград,пермь,красноярск,воронеж,саратов,краснодар,тольятти,сунжа,барнаул,ижевск,ульяновск,владивосток,ярославль,иркутск,тюмень,махачкала,хабаровск,оренбург,новокузнецк,кемерово,рязань,томск,астрахань,пенза,набережные челны,липецк,тула,киров,чебоксары,улан-удэ,калининград,брянск,курск,иваново,магнитогорск,тверь,ставрополь,севастополь оспаривается,нижний тагил,белгород,архангельск,владимир,сочи,курган,симферополь,смоленск,калуга,чита,саранск,орёл,волжский,череповец,владикавказ,мурманск,сургут,вологда,тамбов,стерлитамак,грозный,якутск,кострома,комсомольск-на-амуре,петрозаводск,таганрог,нижневартовск,йошкар-ола,братск,новороссийск,дзержинск,шахты,нальчик,орск,сыктывкар,нижнекамск,ангарск,старый оскол,великий новгород,балашиха,благовещенск,прокопьевск,химки,псков,бийск,энгельс,рыбинск,балаково,мурино,северодвинск,армавир,подольск,королёв,южно-сахалинск,петропавловск-камчатский,сызрань,кукмор,норильск,златоуст,каменск-уральский,мытищи,люберцы,волгодонск,новочеркасск,абакан,находка,уссурийск,березники,салават,электросталь,миасс,первоуральск,керчь,рубцовск,альметьевск,ковров,коломна,майкоп,пятигорск,одинцово,копейск,кудрово,хасавюрт,новомосковск,кисловодск,серпухов,новочебоксарск,нефтеюганск,димитровград,нефтекамск,черкесск,орехово-зуево,дербент,камышин,невинномысск,красногорск,муром,батайск,новошахтинск,сергиев посад,ноябрьск,щёлково,кызыл,октябрьский,ачинск,северск,новокуйбышевск,елец,арзамас,евпатория,обнинск,новый уренгой,каспийск,элиста,пушкино,жуковский,артём,междуреченск,ленинск-кузнецкий,сарапул,ессентуки,воткинск,ногинск,тобольск,ухта,серов,бердск,великие луки,мичуринск,киселёвск,новотроицк,зеленодольск,соликамск,раменское,домодедово,магадан,глазов,каменск-шахтинский,железногорск,канск,назрань,гатчина,саров,новоуральск,воскресенск,долгопрудный,бугульма,кузнецк,губкин,кинешма,ейск,реутов,усть-илимск,железногорск,усолье-сибирское,чайковский,азов,бузулук,озёрск,балашов,юрга,кирово-чепецк,кропоткин,клин,выборг,ханты-мансийск,троицк,бор,шадринск,белово,ялта,минеральные воды,анжеро-судженск,биробиджан,лобня,новоалтайск,чапаевск,георгиевск,черногорск,минусинск,михайловск,елабуга,дубна,воркута,егорьевск,асбест,ишим,феодосия,белорецк,белогорск,кунгур,лысьва,гуково,ступино,туймазы,кстово,вольск,ишимбай,зеленогорск,сосновый бор,буйнакск,борисоглебск,наро-фоминск,будённовск,донской,полевской,лениногорск,павловский посад,славянск-на-кубани,заречный,туапсе,россошь,горно-алтайск,кумертау,лабинск,сибай,клинцы,ржев,тихорецк,нерюнгри,алексин,ревда,александров,дмитров,мелеуз,сальск,лесосибирск,гусь-хрустальный,чистополь,павлово,чехов,котлас,белебей,искитим,краснотурьинск,апатиты,всеволожск,прохладный,михайловка,анапа,тихвин,верхняя пышма,свободный,ивантеевка,шуя,когалым,щёкино,жигулёвск,крымск,вязьма,видное,арсеньев,избербаш,выкса,лиски,волжск,краснокаменск,фрязино,узловая,лыткарино,нягань,рославль,геленджик,боровичи,тимашёвск,белореченск,солнечногорск,назарово,кириши,черемхово,краснокамск,лесной,вышний волочёк,бугуруслан,берёзовский,балахна,ливны,донецк,североморск,саяногорск,кимры,мегион,кизляр,урус-мартан,снежинск,кингисепп,курганинск,шелехов,можга,сертолово,ярцево,шали,отрадный,торжок,рузаевка,волхов,берёзовский,куйбышев,дзержинский,заринск,грязи,чусовой,надым,верхняя салда,сафоново,осинники,кольчугино,гудермес,канаш,рассказово,сатка,мончегорск,усть-кут,тулун,шебекино,спасск-дальний,белая калитва,печора,чебаркуль,радужный,усть-лабинск,мценск,мыски,амурск,курчатов,качканар,салехард,ефремов,стрежевой,аксай,переславль-залесский,ахтубинск,кашира,заинск,камень-на-оби,советск,пугачёв,лангепас,бирск,урюпинск,моршанск,пыть-ях,конаково,ртищево,вязники,кореновск,усинск,тутаев,красный сулин,саянск,новодвинск,новозыбков,людиново,изобильный,мариинск,черняховск,заволжье,апшеронск,красноуфимск,коряжма,каменка,елизово,фролово,урай,большой камень,тосно,алексеевка,коркино,кыштым,лянтор,моздок,реж,партизанск,джанкой,шарыпово,светлоград,сокол,ирбит,гай,алатырь,алапаевск,темрюк,южноуральск,учалы,вичуга,дальнегорск,протвино,мирный,нижнеудинск,лесозаводск,баксан,беслан,ялуторовск,миллерово,луга,кизилюрт,фурманов,краснознаменск,зеленокумск,кулебаки,добрянка,кандалакша,тында,тайшет,тавда,сердобск,валуйки,гулькевичи,вятские поляны,истра,тейково,абинск,азнакаево,новокубанск,сухой лог,углич,кинель,благовещенск,югорск,слободской,острогожск,трёхгорный,сланцы,корсаков,касимов,шумерля,муравленко,чернушка,сосновоборск,кушва,кондопога,артёмовский,шатура,благодарный,балтийск,нововоронеж,нурлат,зима,котельники,приморско-ахтарск,старая русса,инта,аша,богородицк,киров,котовск,ростов,богданович,гагарин,нарткала,великий устюг,маркс,можайск,борзя,ликино-дулёво,дюртюли,петровск,карабулак,малгобек,удомля,холмск,кудымкар,городец,дагестанские огни,усть-джегута,верхний уфалей,малоярославец,скопин,славгород,мирный,барабинск,еманжелинск,сорочинск,горячий ключ,киржач,луховицы,десногорск,сегежа,аргун,дятьково,кохма,знаменск,дедовск,североуральск,карталы,карпинск,алушта,карасук,кировск,топки,алейск,кимовск,костомукша,дивногорск,гусев,похвистнево,сасово,сосногорск,советская гавань,нефтекумск,морозовск,полысаево,дальнереченск,губаха,бахчисарай,медногорск,октябрьск,бутурлиновка,янаул,лабытнанги,калач-на-дону,камышлов,зерноград,уварово,заречный,новоалександровск,майский,тара,новопавловск,советский,балабаново,родники,соль-илецк,красноармейск,красноперекопск,унеча,кувандык,обь,железногорск-илимский,татарск,ипатово,семилуки,исилькуль,озёры,буй,курчалой,заводоуковск,кировск,аткарск,асино,киреевск,богородск,тайга,невьянск,саки,павловск,зея,котельнич,красноуральск,ленск,гурьевск,зарайск,бежецк,железноводск,семёнов,красноармейск,колпашево,котово,давлеканово,калачинск,строитель,вельск,семикаракорск,отрадное,карачаевск,фокино,северобайкальск,шарья,омутнинск,усть-катав,бологое,волоколамск,губкинский,гусиноозёрск,таштагол,оленегорск,оха,кубинка,вилючинск,нелидово,нерехта,николаевск-на-амуре,верещагино,нижний ломов,лосино-петровский,лермонтов,вихоревка,никольск,оса,зверево,няндома,дудинка,электрогорск,бавлы,менделеевск,армянск,кировград,калтан,лысково,старая купавна,куровское,ряжск,остров,хотьково,нижняя тура,хадыженск,пикалёво,тогучин,льгов,ершов,сергач,светлый,онега,шахунья,ковылкино,нарьян-мар,алдан,рошаль,козьмодемьянск,бронницы,данков,лодейное поле,боготол,тырныауз,лебедянь,черноголовка,бакал,алагир,абдулино,сысерть,суровикино,райчихинск,котельниково,тарко-сале,среднеуральск,буинск,белоярский,кизел,пролетарск,коммунар,пущино,электроугли,калач,кяхта,шимановск,бобров,карачев,юрьев-польский,новый оскол,собинка,черепаново,никольское,новомичуринск,агрыз,сортавала,терек,нытва,стародуб,суворов,приозерск,ковдор,куса,ардон,енисейск,усмань,нефтегорск,подпорожье,петровск-забайкальский,инза,слюдянка,апрелевка,рыбное,талица,жуковка,радужный,харабали,козельск,арск,яровое,осташков,туринск,чегем,нижняя салда,сельцо,почеп,константиновск,новоаннинский,белоозёрский,шумиха,гаврилов-ям,ивдель,покров,баймак,поворино,катав-ивановск,мантурово,голицыно,бородино,межгорье,галич,пласт,полярный,яранск,кирсанов,бикин,барыш,красновишерск,абаза,волгореченск,куртамыш,покачи,щигры,новоузенск,касли,болотное,жирновск,ясногорск,приволжск,кондрово,бокситогорск,советск,судак,мензелинск,поронайск,калининск,навашино,звенигород,агидель,белогорск,невель,сухиничи,камызяк,плавск,кашин,чудово,иланский,валдай,ясный,ужур,новоульяновск,краснослободск,палласовка,светогорск,пестово,данилов,заполярный,лакинск,рыльск,медвежьегорск,грязовец,ленинск,дегтярск,купино,бодайбо,венёв,жердевка,меленки,петушки,полярные зори,николаевск,белокуриха,цимлянск,александровск,трубчевск,очёр,нерчинск,лукоянов,карабаново,кодинск,емва,первомайск,вяземский,сим,мамадыш,красный кут,струнино,дубовка,лагань,арамиль,южа,пересвет,катайск,гороховец,шилка,белёв,далматово,гвардейск,фокино,калязин,талдом,сясьстрой,свирск,байкальск,обоянь,руза,цивильск,ак-довурак,краснозаводск,шлиссельбург,петров вал,яхрома,могоча,хвалынск,карабаш,камешково,кемь,анадырь,горняк,торопец,зеленоградск,аркадак,снежногорск,адыгейск,уяр,кораблино,чаплыгин,киренск,удачный,юрюзань,балей,окуловка,малая вишера,нязепетровск,гурьевск,новая ляля,сосенский,чкаловск,вуктыл,горнозаводск,урень,печоры,боровск,лихославль,долинск,волосово,жуков,сорск,называевск,бабаево,тюкалинск,заволжск,чулым,сосновка,звенигово,углегорск,судогда,верхний тагил,дрезна,богучар,неман,михайлов,невельск,сураж,ворсма,кремёнки,опочка,тетюши,хилок,питкяранта,завитинск,болхов,эртиль,нариманов,петухово,луза,закаменск,белая холуница,нижние серги,беломорск,заозёрск,зуевка,гаджиево,камбарка,пионерский,гремячинск,щучье,шагонар,дигора,светлогорск,микунь,дорогобуж,заозёрный,высоковск,щёлкино,каргат,александровск-сахалинский,порхов,змеиногорск,суздаль,вытегра,кола,кирс,ермолино,козловка,сольцы,вилюйск,уржум,наволоки,юрьевец,миньяр,мариинский посад,нюрба,краснослободск,каргополь,ельня,харовск,южно-сухокумск,рудня,волчанск,кувшиново,володарск,нея,ивангород,тотьма,суоярви,пудож,задонск,таруса,болохово,ядрин,белозерск,городовиковск,сковородино,нолинск,покровск,олёкминск,устюжна,верхняя тура,верхнеуральск,ардатов,облучье,западная двина,серафимович,старый крым,михайловск,перевоз,костерёво,теберда,дно,олонец,чадан,бирюсинск,ветлуга,новая ладога,верхотурье,починок,липки,комсомольск,инсар,болгар,старица,пучеж,белинский,никольск,анива,белоусово,макушино,медынь,малмыж,андреаполь,салаир,новосокольники,сычёвка,городище,томмот,мглин,бирюч,лахденпохья,алупка,мамоново,спасск-рязанский,кириллов,лаишево,дмитриев,велиж,оханск,полесск,советск,спасск,демидов,весьегонск,севск,темников,макарьев,юхнов,сурск,красавино,орлов,сенгилей,зубцов,сретенск,новохопёрск,курлово,макаров,каменногорск,мураши,алзамай,княгинино,шацк,солигалич,гаврилов посад,багратионовск,себеж,грайворон,циолковский,игарка,приморск,пошехонье,шиханы,суджа,дмитровск,мышкин,спас-клепики,короча,сусуман,пыталово,шенкурск,усолье,красный холм,жиздра,любим,злынка,билибино,фатеж,верея,чухлома,туран,чердынь,спас-деменск,кадников,озёрск,пустошка,славск,нестеров,бабушкин,томари,гдов,духовщина,правдинск,мосальск,любань,певек,мещовск,чёрмоз,малоархангельск,холм,новосиль,ладушкин,белый,новоржев,мезень,среднеколымск,краснознаменск,кологрив,магас,сольвычегодск,кедровый,северо-курильск,плёс,горбатов,артёмовск,островной,курильск,приморск,верхоянск,высоцк,чекалин,иннополис	3	25					False
ruregioncode	rusregioncode		Russian region code by field name and value	data	text	50,51,77,02,34,76,86,46,74,07,54,23,57,59,35,42,15,52,32,66,56,71,60,43,33,27,55,36,31,14,13,28,12,89,21,61,22,10,64,65,78,63,25,05,16,53,24,67,37,44,17,87,39,72,30,26,48,69,70,58,29,79,03,68,04,38,73,41,18,45,47,49,75,20,01,09,19,83,11,62,40,08,06	2	2			regcode,regioncode,region,region_code,subjectcode,subjectrfcode,код субъекта рф	text	False
rucountryname	ruscountryname		Russian name of the country	data	text	россия,аргентина,вьетнам,германия,италия,украина,индия,республика корея,китай,сербия,польша,словения,финляндия,франция,румыния,турция,беларусь,чешская республика,кипр,греция,босния и герцеговина,ирландия,венгрия,объединенные арабские эмираты,соединенное королевство,исландия,дания,австрия,словакия,швейцария,соединенные штаты,нидерланды,израиль,болгария,бельгия,казахстан,республика северная македония,люксембург,латвия,хорватия,португалия,эстония,япония,швеция,мальта,испания,канада,республика молдова,литва,индонезия,норвегия,тунис,пакистан,маврикий,черногория,пуэрто-рико,куба,перу,отсутствует в оксм,мексика,бразилия,сирийская арабская республика,египет,таиланд,южная африка,грузия,сейшелы,австралия,панама,киргизия,британские виргинские острова,армения,саудовская аравия,гонконг	4	29					False
rucountrycode	ruscountrycode		Russian country code by OKSM classifier (3 digits) by data and fieldname	data	text	643,032,704,276,380,804,356,410,156,688,616,705,246,250,642,792,112,203,196,300,070,372,348,784,826,352,208,040,703,756,840,528,376,100,056,398,807,442,428,191,620,233,392,752,470,724,124,498,440,360,578,788,586,480,499,630,192,604,000,484,076,760,818,764,710,268,690,036,591,417,092,051,682,344	3	3			country_code,countrycode,country	text	False
rumosadmareas	rumosadmareas		Russia Moscow capital administrative areas	data	text	северо-западный административный округ,центральный административный округ,южный административный округ,восточный административный округ,северо-восточный административный округ,зеленоградский административный округ,юго-западный административный округ,северный административный округ,юго-восточный административный округ,западный административный округ,троицкий административный округ,новомосковский административный округ	28	39					False
rumosdistricts	rumosdistricts		Russia Moscow capital districts by name	data	text	район хорошёво-мнёвники,таганский район,район орехово-борисово северное,район преображенское,район бирюлёво восточное,район чертаново центральное,район замоскворечье,район свиблово,район северное измайлово,район покровское-стрешнево,район строгино,район старое крюково,район зюзино,академический район,район чертаново южное,район нагатино-садовники,пресненский район,район щукино,район черёмушки,донской район,район якиманка,район хамовники,обручевский район,мещанский район,даниловский район,тверской район,район богородское,войковский район,тимирязевский район,район коптево,басманный район,район сокольники,район новогиреево,район соколиная гора,район беговой,район измайлово,район нагатинский затон,район южное тушино,район аэропорт,дмитровский район,савёловский район,головинский район,район матушкино,район силино,ярославский район,район восточное измайлово,район ховрино,район северное тушино,район сокол,район западное дегунино,район восточное дегунино,алтуфьевский район,алексеевский район,район бибирево,район чертаново северное,район марьина роща,хорошёвский район,лосиноостровский район,красносельский район,район ивановское,нижегородский район,район люблино,рязанский район,район лефортово,район марфино,район тропарёво-никулино,гагаринский район,район ясенево,район северное бутово,район тёплый стан,район кунцево,район митино,район перово,район царицыно,район куркино,район восточный,район южное бутово,район марьино,район крюково,район метрогородок,бабушкинский район,район зябликово,ломоносовский район,район косино-ухтомский,бескудниковский район,район северное медведково,район москворечье-сабурово,район фили-давыдково,район филёвский парк,останкинский район,район южное медведково,район орехово-борисово южное,поселение вороновское,поселение роговское,поселение кленовское,район отрадное,район коньково,район котловка,район солнцево,поселение московский,район крылатское,район некрасовка,можайский район,район выхино-жулебино,район вешняки,район савёлки,район ростокино,район раменки,район лианозово,поселение краснопахорское,поселение щаповское,поселение михайлово-ярцевское,район печатники,поселение щербинка,поселение внуковское,район кузьминки,район текстильщики,район ново-переделкино,район бирюлёво западное,район очаково-матвеевское,район братеево,нагорный район,район гольяново,район дорогомилово,район арбат,поселение сосенское,район северный,бутырский район,район новокосино,поселение воскресенское,поселение рязановское,поселение десеновское,поселение филимонковское,южнопортовый район,поселение кокошкино,поселение марушкинское,район проспект вернадского,молжаниновский район,поселение троицк,район капотня,район левобережный,поселение новофедоровское,поселение первомайское,поселение киевский,район внуково,поселение мосрентген	11	31					False
rucountrycodepat	ruscountrycode		Russian country code by OKSM classifier (3 digits) by pattern	data	text	643,032,704,276,380,804,356,410,156,688,616,705,246,250,642,792,112,203,196,300,070,372,348,784,826,352,208,040,703,756,840,528,376,100,056,398,807,442,428,191,620,233,392,752,470,724,124,498,440,360,578,788,586,480,499,630,192,604,000,484,076,760,818,764,710,268,690,036,591,417,092,051,682,344	3	3					True
runpabyfunc	runpa		Russian legal act / law	data	func	metacrafterext.rules.ru.gov.is_ru_law	3	500	1				False
runpakindbydata	runpakind		Russian legal act / law type (order, act, law, bill and e.t.c)	data	text	закон,постановление,распоряжение,федеральный закон,приказ,указ,кодекс,постановление правительства,постановление правительства рф,распоряжение правительства рф	4	30	1				False
tofkcodepat	tofkcode		Russian TOFK (Treasury) code by pattern value	data	ppr	Word(nums, exact=4)	3	100			tofk	text	False
ruikucode	ruikuiko		Russian government customer uniq number (IKU/IKO) by pat and func	data	ppr	Word(nums, exact=20)	20	20	1	metacrafterext.rules.ru.govfinances.is_iku_iko_code			False
ruikzcode	ruikz		Russian government purchase code (IKZ) by pat and func	data	ppr	Word(nums, exact=20)	36	36	1	metacrafterext.rules.ru.govfinances.is_ikz_code			False
ruskosgucode	kosgucode		Russian KOSGU code	data	ppr	Word(nums, exact=20)	3	100			kosgu,kosgucode	text	False
rumedicineregnumber	rumedicineregnum		Russian registration code of the medicine	data	ppr	((Literal("ЛС") | Literal("ЛП")) + Literal("-") + Word(nums, exact=6)) | (Literal("ЛСР") + Literal("-") + Word(nums, exact=6) + Literal("\/") + Word(nums, exact=2))	3	100					False
ruinn	inn		Russian INN tax identifier	data	func	metacrafterext.rules.ru.orgs._check_inn	10	12	1				False
rukpp	kpp			data	ppr	Word(nums, exact=9)	9	9	1	metacrafterext.rules.ru.orgs._check_kpp			False
ruogrn	ogrn		Russian OGRN tax identifier	data	func	metacrafterext.rules.ru.orgs._check_ogrn	13	13	1				False
ruorgname	orgname		Russian organization name	data	func	metacrafterext.rules.ru.orgs.is_ru_orgname	3	500	1				False
ruokopfcode	okopf		Russian OKOPF code by known name and value	data	text	00039,00040,00041,00042,00047,00048,00051,00052,00053,00060,00061,00064,00065,00066,00067,00070,00071,00072,00073,00074,00076,00077,00078,00080,00081,00082,00083,00084,00085,00086,00087,00088,00089,00090,00091,00092,00093,00094,00095,00096,00097,00098,00099,10000,11000,11051,11064,12000,12100,12165,12166,12200,12247,12267,12300,13000,14000,14100,14153,14154,14155,14200,15000,15100,15141,15142,15143,15200,15241,15242,15243,15300,19000,20000,20100,20101,20102,20103,20104,20105,20106,20107,20108,20109,20110,20111,20112,20113,20114,20115,20116,20120,20121,20200,20201,20202,20210,20211,20217,20300,20400,20401,20402,20403,20404,20500,20600,20601,20603,20604,20605,20606,20607,20608,20609,20610,20611,20612,20613,20614,20615,20616,20617,20618,20619,20620,20700,20701,20702,20716,20800,20801,20802,20803,20900,20901,20902,20903,20904,20905,20906,20907,20908,21000,21001,21002,21003,21100,21200,28000,28001,28002,28003,28004,28005,28006,28007,28008,28010,28012,28013,28014,28016,28017,29000,30000,30001,30002,30003,30004,30005,30006,30008,40000,40001,40002,50000,50100,50101,50102,50200,50201,50202,60000,65000,65100,65141,65142,65143,65200,65241,65242,65243,70000,70400,70401,70402,70403,70404,71400,71500,71600,71601,71602,71610,75000,75100,75101,75103,75104,75200,75201,75203,75204,75300,75400,75401,75403,75404,75500,75502,75505	5	5			okopfcode,okopf_code,окопф	text	False
ruokopfname	okopfname		Russian OKOPF code by value	data	text	унитарные предприятия,открытые акционерные общества,хозяйственные товарищества и общества,полные товарищества,производственные кооперативы,крестьянские (фермерские) хозяйства,акционерные общества,хозяйственные партнерства,товарищества на вере,общества с ограниченной ответственностью,общества с дополнительной ответственностью,закрытые акционерные общества,частные учреждения,бюджетные учреждения,автономные учреждения,казенные учреждения,объединения крестьянских (фермерских) хозяйств,органы общественной самодеятельности,территориальные общественные самоуправления,учреждения,государственные корпорации,общественные и религиозные организации (объединения),общественные движения,потребительские кооперативы,государственные компании,простые товарищества,фонды,прочие некоммерческие организации,представительства и филиалы,индивидуальные предприниматели,паевые инвестиционные фонды,объединения юридических лиц (ассоциации и союзы),товарищества собственников жилья,некоммерческие партнерства,автономные некоммерческие организации,иные не юридические лица,организации без прав юридического лица,хозяйственные товарищества,товарищества на вере (коммандитные товарищества),хозяйственные общества,общества с ограниченной или дополнительной ответственностью,публичные акционерные общества,непубличные акционерные общества,производственные кооперативы (артели),сельскохозяйственные производственные кооперативы,сельскохозяйственные артели (колхозы),рыболовецкие артели (колхозы),кооперативные хозяйства (коопхозы),производственные кооперативы (кроме сельскохозяйственных производственных кооперативов),федеральные казенные предприятия,казенные предприятия субъектов российской федерации,муниципальные казенные предприятия,федеральные государственные унитарные предприятия,государственные унитарные предприятия субъектов российской федерации,муниципальные унитарные предприятия,гаражные и гаражно-строительные кооперативы,жилищные или жилищно-строительные кооперативы,жилищные накопительные кооперативы,кредитные потребительские кооперативы,кредитные потребительские кооперативы граждан,кредитные кооперативы второго уровня,потребительские общества,общества взаимного страхования,сельскохозяйственные потребительские перерабатывающие кооперативы,сельскохозяйственные потребительские сбытовые (торговые) кооперативы,сельскохозяйственные потребительские обслуживающие кооперативы,сельскохозяйственные потребительские снабженческие кооперативы,сельскохозяйственные потребительские садоводческие кооперативы,сельскохозяйственные потребительские огороднические кооперативы,сельскохозяйственные потребительские животноводческие кооперативы,сельскохозяйственные потребительские растениеводческие кооперативы,фонды проката,общественные организации,политические партии,профсоюзные организации,религиозные организации,благотворительные фонды,негосударственные пенсионные фонды,общественные фонды,экологические фонды,ассоциации (союзы),ассоциации (союзы) экономического взаимодействия субъектов российской федерации,советы муниципальных образований субъектов российской федерации,союзы (ассоциации) кредитных кооперативов,союзы (ассоциации) кооперативов,союзы (ассоциации) общественных объединений,союзы (ассоциации) общин малочисленных народов,союзы потребительских обществ,адвокатские палаты,нотариальные палаты,торгово-промышленные палаты,объединения работодателей,объединения фермерских хозяйств,адвокатские бюро,коллегии адвокатов,саморегулируемые организации,объединения (ассоциации и союзы) благотворительных организаций,товарищества собственников недвижимости,садоводческие или огороднические некоммерческие товарищества,палаты,благотворительные учреждения,общественные учреждения,учреждения академий наук,учреждения религиозных организаций,общины коренных малочисленных народов российской федерации,государственные академии наук,казачьи общества,общины коренных малочисленных народов,объединения (союзы) крестьянских (фермерских) хозяйств,отделения иностранных некоммерческих неправительственных организаций,представительства юридических лиц,филиалы юридических лиц,обособленные подразделения юридических лиц,структурные подразделения обособленных подразделений юридических лиц,межправительственные международные организации,неправительственные международные организации,организационно-правовые формы для деятельности граждан (физических лиц),организационно-правовые формы для коммерческой деятельности граждан,главы крестьянских (фермерских) хозяйств,публично-правовые компании,федеральные государственные автономные учреждения,федеральные государственные бюджетные учреждения,федеральные государственные казенные учреждения,государственные автономные учреждения субъектов российской федерации,государственные бюджетные учреждения субъектов российской федерации,государственные казенные учреждения субъектов российской федерации,муниципальные автономные учреждения,муниципальные бюджетные учреждения,муниципальные казенные учреждения,федеральное государственное бюджетное учреждение	5	87					False
rufullname	person_fullname	person_fullname	Russian fullname by common pattern	data	func	metacrafterext.rules.ru.persons.is_russian_fullname	8	200	1				False
rusfirstnames	person_firstname	person_firstname	Russian first name	data	text	николай,иван,василий,александр,михаил,мария,алексей,владимир,петр,анна,виктор,павел,сергей,александра,нина,анатолий,валентина,федор,дмитрий,григорий,борис,вера,екатерина,антонина,клавдия,лидия,георгий,андрей,надежда,татьяна,константин,ольга,зинаида,евгений,леонид,анастасия,юрий,евдокия,елена,валентин,семен,тамара,степан,галина,зоя,яков,илья,любовь,евгения,геннадий,раиса,людмила,елизавета,наталья,аркадий,пелагея,прасковья,виталий,егор,таисия,лев,тимофей,варвара,ирина,вячеслав,игорь,вениамин,афанасий,серафима,иосиф,полина,ефим,филипп,кузьма,софья,олег,софия,юлия,ксения,маргарита,ираида,максим,антон,фаина,валерий,матрена,иннокентий,роман,тихон,матвей,ефросинья,митрофан,никита,кирилл,лариса,дарья,наталия,гавриил,станислав,роза,вадим,гаврил,герман,серафим,всеволод,марфа,владислав,алевтина,прокопий,августа,трофим,римма,никифор,анфиса,марина,леонтий,данил,марк,ульяна,капиталина,таисья,захар,стефан,абрам,клара,моисей,глеб,савелий,ибрагим,кира,эдуард,парасковья,альберт,анвар,давид,магомед,пантелей,арсентий,капитолина,алла,исаак,инна,абдулла,даниил,прокофий,ангелина,нинель,валерия,анисья,илларион,лилия,ахмет,макар,игнат,агриппина,зиновий,игнатий,мансур,арсений,рашит,шамиль,ким,герасим,виктория,аграфена,агафья,степанида,федосья,дина,наум,лазарь,генрих,апполинария,артем,аким,глафира,гурий,хамит,габдулла,ростислав,равиль,агния,хасан,афонасий,рафаил,юлий,махмут,эмилия,павла,самуил,демьян,лаврентий,олимпиада,харис,емельян,зуфар,руфина,таиса,терентий,нонна,валериан	3	11					False
rusmidnames	person_midname	person_midname	Russian middle name	data	text	иванович,васильевич,ивановна,михайлович,петрович,николаевич,федорович,александрович,васильевна,алексеевич,григорьевич,павлович,андреевич,дмитриевич,михайловна,николаевна,степанович,александровна,сергеевич,семенович,петровна,яковлевич,федоровна,алексеевна,павловна,андреевна,григорьевна,дмитриевна,егорович,тимофеевич,ильич,сергеевна,константинович,степановна,владимирович,ефимович,семеновна,георгиевич,яковлевна,филиппович,кузьмич,максимович,гаврилович,антонович,афанасьевич,никитович,матвеевич,иосифович,георгиевна,никифорович,владимировна,константиновна,тихонович,ильинична,данилович,тимофеевна,кириллович,трофимович,игнатьевич,егоровна,захарович,борисович,ефимовна,романович,филипповна,никитична,матвеевна,леонтьевич,кузьминична,емельянович,максимовна,митрофанович,гавриловна,антоновна,иосифовна,афанасьевна,герасимович,прокофьевич,макарович,викторович,акимович,федотович,илларионович,прокопьевич,моисеевич,терентьевич,никифоровна,борисовна,евдокимович,тихоновна,абрамович,маркович,савельевич,игнатьевна,даниловна,лаврентьевич,арсентьевич,евгеньевич,трофимовна,карпович,кирилловна,никитич,стефанович,архипович,денисович,пантелеевич,ефремович,фомич,захаровна,леонидович,осипович,сидорович,анисимович,викторовна,кондратьевич,романовна,прокофьевна,спиридонович,анатольевич,фролович,никонорович,миронович,прохорович,давыдович,лукич,герасимовна,демьянович,митрофановна,леонтьевна,львович,емельяновна,артемьевич,макаровна,артемович,лукьянович,поликарпович,иннокентьевич,платонович,харитонович,евгеньевна,федосеевич,акимовна,наумович,илларионовна,тарасович,аркадьевич,леонидовна,анатольевна,абрамовна,родионович,зиновьевич,арсентьевна,лазаревич,марковна,ермолаевич,евсеевич,моисеевна,лаврентьевна,савельевна,осиповна,евдокимовна,титович,корнеевич,назарович,терентьевна,нестерович,андриянович,андрианович,федотовна,никандрович,исаакович,ибрагимович,карповна,власович,афонасьевич,архиповна,прокопьевна,исаевич,устинович,фоминична,трифонович,евстафьевич,стефановна,денисовна,никоноровна,ананьевич,елисеевич,закирович,давыдовна,ефремовна,мефодьевич,львовна,мартынович,филимонович,исакович,шакирович,анисимовна,гордеевич,кондратьевна,прохоровна,фроловна	5	14					False
russurnames	person_surname	person_surname	Russian family names	data	text	иванов,кузнецов,смирнов,попов,иванова,петров,васильев,смирнова,козлов,соколов,новиков,волков,федоров,кузнецова,павлов,михайлов,семенов,васильева,морозов,петрова,степанов,егоров,андреев,зайцев,алексеев,макаров,никитин,захаров,николаев,соловьев,яковлев,попова,лебедев,сергеев,григорьев,романов,фролов,киселев,кузьмин,воробьев,борисов,сорокин,михайлова,баранов,орлов,соколова,федорова,гусев,ковалев,тарасов,дмитриев,павлова,медведев,жуков,андреева,мельников,поляков,шевченко,филиппов,алексеева,семенова,максимов,сидоров,белов,антонов,ильин,матвеев,козлова,бондаренко,куликов,пономарев,волкова,степанова,александров,егорова,власов,колесников,королев,богданов,николаева,осипов,гаврилов,морозова,яковлева,коваленко,карпов,данилов,гончаров,фомин,новикова,ефимов,комаров,денисов,щербаков,миронов,тимофеев,лебедева,журавлев,калинин,беляев,соловьева,абрамов,макарова,титов,никитина,давыдов,афанасьев,назаров,григорьева,федотов,чернов,сергеева,орлова,герасимов,мартынов,зайцева,кравченко,виноградов,горбунов,дмитриева,коновалов,захарова,казаков,быков,кузьмина,марков,ткаченко,ермаков,тихонов,овчинников,савельев,киселева,маслов,крылов,трофимов,емельянов,воронин,романова,ефремов,лазарев,никифоров,голубев,фролова,воробьева,богданова,борисова,кириллов,моисеев,родионов,исаев,кудрявцев,наумов,филиппова,гусева,потапов,белова,мальцев,антонова,матвеева,филатов,малышев,анисимов,белоусов,сорокина,гришин,виноградова,котов,ильина,александрова,юдин,ковалева,савченко,ершов,баранова,архипов,тарасова,климов,леонов,марченко,жукова,савин,тимофеева,полякова,ушаков,евдокимов,шишкин,лысенко,харитонов,максимова,галкин,королева,кондратьев,бирюков,логинов,куликова,михеев,плотников,прохоров,ефимова,мельникова,лобанов	4	12					False
russciencedegrees	rusdegree		Russian scientific degrees name by text	data	text	доктор медицинских наук,доктор технических наук,кандидат технических наук,доктор химических наук,доктор сельскохозяйственных наук,кандидат психологических наук,кандидат медицинских наук,доктор физико-математических наук,кандидат педагогических наук,доктор экономических наук,кандидат социологических наук,кандидат юридических наук,кандидат химических наук,доктор биологических наук,кандидат экономических наук,доктор геолого-минералогических наук,кандидат биологических наук,кандидат физико-математических наук,доктор юридических наук,доктор филологических наук,доктор социологических наук,кандидат сельскохозяйственных наук,кандидат геолого-минералогических наук,кандидат ветеринарных наук,доктор исторических наук,доктор философских наук,кандидат культурологии,доктор политических наук,кандидат философских наук,кандидат исторических наук,кандидат географических наук,доктор педагогических наук,кандидат искусствоведения,кандидат филологических наук,доктор географических наук,доктор психологических наук,доктор фармацевтических наук,кандидат политических наук,кандидат военных наук,доктор ветеринарных наук,кандидат архитектуры,доктор искусствоведения,кандидат фармацевтических наук,доктор архитектуры,доктор военных наук,доктор культурологии,доктор наук,кандидат наук	11	38					False
ruspersonworkpositions	rusworkposition		Russian names of common positions	data	text	генеральный директор,директор,заместитель директора,главный бухгалтер,главный конструктор,и.о. директора,председатель,председатель совета,технический директор,исполняющий обязанности директора,ректор,глава администрации,глава управы	6	33					False
surname	person_surname	person_surname	Person surname by known	field	text	surname,lastname,sur_name,last_name	7	9					False
firstname	person_firstname	person_firstname	Person firstname by known	field	text	firstname,forename,first_name	8	10					False
midname	person_midname	person_midname	Person midname by known	field	text	midname,secondname,middlename,mid_name,middle_name,second_name	7	11					False
firstnamepat	person_firstname	person_firstname	Person firstname by known	field	ppr	Word(printables) + "firstname" +  lineEnd	3	100					False
surnamepat	person_surname	person_surname	Person surname by known	field	ppr	Word(printables) + "surname" +  lineEnd	3	100					False
lastnamepat	person_surname	person_surname	Person lastname by known	field	ppr	Word(printables) + "lastname" +  lineEnd	3	100					False
midnamepat	person_midname	person_midname	Person midname by known	field	ppr	Word(printables) + "midname" +  lineEnd	3	100					False
birthdayknown	datetime	birthday	Birthday by known field names	field	text	birthday,dayofbirth,date_of_birth,birth_day	8	13					False
deathdayknown	datetime	deathday	Deathday by known field names	field	text	deathday,day_of_death	8	12					False
genderbyknown	gender	gender	Gender by known field name	field	text	gender,	0	6					False
nationalitybyknown	nationality	nationality	Nationality by known field name	field	text	nationality	11	11					False
passwordbyknown	password	password	Password by known field name	field	text	password	8	8					False
passportbyknown	passport	passport	Passport code by known name	field	text	passport	8	8					False
creditcardbyknown	creditcard	creditcard	Credit card by known name	field	text	creditcard,credit_card	10	11					False
usernamebyknown	username	username	User name by known name	field	text	username,userid,login	5	8					False
rubirthdayknown	datetime	birthday	Russian birthday by known field names	field	text	дата рождения	13	13					False
rudeathdayknown	datetime	deathday	Russian deathday by known field names	field	text	дата смерти	11	11					False
snilsbyknown	rusnils	rusnils	Russian SNILS number by known names	field	text	снилс,номер снилс,snils,snils_number	5	12					False
mimetypebyknown	mimetype		Mimetype / content type by known names	field	text	mimetype,mime_type,content_type	8	12	1				False
phoneknown	phone	phone	Phone number by known name	field	text	phone,fax,phoneNumber,contact_phone,telephone,phone number,phone_number,	0	13					False
phoneknownpat	phone	phone	Phone number by known pattern	field	ppr	Word(printables) + "phone" +  lineEnd	3	100					False
phoneknownprefix	phone	phone	Phone number by known pattern	field	ppr	"phone" + Word(printables) + lineEnd	3	100					False
faxknownpat	phone	phone	Phone number by known pattern (Fax)	field	ppr	Word(printables) + "fax" +  lineEnd	3	100					False
emailknown	email	phone	Email	field	text	email,e_mail,e-mail,contact e-mail,email address,contactemail,	0	14					False
emailknownpat	email	phone	Email by pattern	field	ppr	Word(alphanums) + "email" +  lineEnd	3	100					False
emailknownprefix	email	phone	Email by prefix pat	field	ppr	"email_" + Word(alphanums) +  lineEnd	3	100					False
websiteknown	url		URL/website by known name	field	text	url,website,uri,web_site,website address,website_address,	0	15					False
urlknownpat	url		URL/website by known name pattern	field	ppr	Word(printables) + "url" +  lineEnd	3	100					False
yearknown	year		Year by known name	field	text	year,yearnum	4	7					False
yearknownpat	year		Year by known name pattern	field	ppr	Word(printables) + "year" +  lineEnd	3	100					False
timestampknown	timestamp		Timestamp by known name	field	text	timestamp	9	9					False
timestampknownpat	timestamp		Timestamp by known name pattern	field	ppr	Word(printables) + "timestamp" +  lineEnd	3	100					False
timezoneknown	timezone		Timezone by known name	field	text	timezone	8	8					False
timezoneknownpat	timezone		Timezone by known name pattern	field	ppr	Word(printables) + "timezone" +  lineEnd	3	100					False
monthknownpat	month		Month by known name pattern	field	ppr	Word(printables) + Literal("month")	3	100					False
monthknown	month		Month by known name	field	text	month,monthnum	5	8					False
addressknown	address	address	Address	field	text	address,postaladdress,actualaddress,fulladdress,address_legal,legaladdress,postal address,post address	7	14					False
latitude	latitude		Latitude by known name	field	text	latitude,latitude_wgs84,geodata_latitude,poi_latitude	8	16					False
longitude	longitude		Longitude by known name	field	text	longitude,longitude_wgs84,geodata_longtitude,poi_longitude	9	18					False
latitudepat	latitude		Latitude by known name pattern	field	ppr	Word(printables) + Optional('_') + "latitude"	10	100					False
longitudepat	longitude		Longitude by known name pattern	field	ppr	Word(printables) + Optional('_') + "longitude"	11	100					False
postindexknown	postindex	postindex	Post index code (ZIP code and e.t.c) by known name	field	text	postindex,postIndex,post_index,postcode,zip_code,zipcode,postalcode,post index	7	10					False
streetknown	street	street	Street name by field name	field	text	street,street name,streetname,street_name	6	11					False
cityknown	city	city	City/town name by field name	field	text	town,city,cityname,location (city)	4	15					False
countryknown	country		Country name by field name	field	text	country,countryname,country_name	7	12					False
isbnbyname	isbn13		International Standard Book Number (ISBN) by known name	field	text	isbn	4	4					False
companynameknown	orgname		Company name known names	field	text	legalname,companyname,orgname,org_name,company_name,organization_name,legal_name,organizationname,company name	7	17					False
orcidbyknown	orcid		ORCID unique identifier of researcher	field	text	orcid	5	5					False
endayofweekknown	endayofweek		English day of week by fieldname	field	text	weekday,dayofweek,day_of_week	7	11					False
ukwardcodebyknown	ukwardcode		UK ward code by known name	field	text	ward code,ward_code	9	9					False
ukwardnamebyknown	ukwardname		UK ward name by known name	field	text	ward name,ward_name,wardname,ward	4	9					False
bnfcode	ukbnfcode		UK BNF drug code	field	text	bnf code	8	8					False
rutnvedknown	tnved		Russian TN VED code by known name (customs code)	field	text	tnved,тнвэд,код тн вэд,тн вэд	5	10					False
ruokeiknown	okei		Russian OKEI code by known name	field	text	okei_code,okeicode,океи,code_okei,код по океи	4	11					False
ruokfsknown	okfs		Russian OKFS code by known name	field	text	okfs_code,okfs,okfscode,окфс	4	9					False
ruokvedknown	okved		Russian OKVED by known name	field	text	okved,okved_code,okved_2,okved2,okved_1,оквэд	5	10					False
ruokoguknown	okogu		Russian ОКОГУ by known name	field	text	okogu,окогу,okogu_code,okogucode	5	10					False
ruokopfknown	okopf		Russian OKOPF by known name	field	text	okopf,okopf_code,okopfcode	5	10					False
ruphoneknown	phone	phone	Russian phone code	field	text	телефон,факс,publicphone,chiefphone,контактный телефон,telefon,номер телефона,рабочий телефон,номер факса	4	18					False
ruurlknown	url		Russian website/url field names	field	text	сайт,адрес сайта,adres_sayta,официальный сайт,адрес официального сайта,веб-сайт,sayt	4	24					False
ruemail	email	phone	Russian email field names	field	text	адрес электронной почты,электронная почта,электронный адрес,adres_elektronnoy_pochty,эл.почта,эл. почта	8	24					False
rusdatetimename	datetime		Russian date name	field	text	дата,дата и время,дата создания,дата регистрации,дата начала,дата окончания	4	16					False
rustimename	time		Russian time name	field	text	время	5	5					False
rusyearname	year		Russian year name	field	text	год	3	3					False
ruokatoknown	okato		Russian OKATO classifier by known name	field	text	okato,okatocode,codeokato,окато,код окато	5	9					False
rulongitudeknown	longitude		Russian longitude	field	text	долгота	7	7					False
rulatitutdeknown	latitude		Russian latitude	field	text	широта	6	6					False
ruoktmoknown	oktmo		Russian OKTMO classifier by known name	field	text	oktmo,oktmocode,октмо,код октмо	5	9					False
ruoktmonameknown	oktmoname		Russian OKTMO classifier name by known name	field	text	oktmoname,oktmo_name	9	10					False
rukladrknown	kladr		Russian KLADR by known name	field	text	kladr,кладр	5	5					False
rukadstrbyname	rukadastr		Russian land territory cadastral identifier by name	field	text	кадастровый номер,кадастровый номер земельного участка,kadastrovyy_nomer,kadastrovyy_nomer_zemelnogo_uchastka,kadastrovyj_number,cadastral_number,cadastral number	16	36					False
rusaddressknown	address	address	Russian address by known name	field	text	адрес,adres,юридический адрес,почтовый адрес,фактический адрес,адрес местонахождения,yuridicheskiy_adres,pochtovyy_adres,adres_mestonakhozhdeniya	5	24					False
rusregionnamebyknown	rusregion		Russian region by known name	field	text	наименование субъекта российской федерации,субъект российской федерации,субъект рф,subekt_rossiyskoy_federatsii,subekt_rf,наименование субъекта рф,наименование субъекта	9	42					False
rupostindex	postindex	postindex	Russian post index code (ZIP code and e.t.c) by known data pattern and field pattern	field	ppr	Word(nums, exact=6)	3	100			Word(printables) + oneOf(["index", "индекс"], caseless=True)	ppr	False
rupostindexbyknown	postindex	postindex	Russian post index code (ZIP code and e.t.c) by known name	field	text	почтовый индекс,индекс,pochtovyy_indeks,indeks	6	16					False
rustreetknown	rustreet	street	Russian street name by field name	field	text	улица,ulitsa	5	6					False
rucityknown	ruscity	city	Russian city name by field name	field	text	город,населенный пункт	5	16					False
runpabyknown	runpa		Russian legal act / law by known field name	field	text	нормативно-правовой акт,нормативный правовой акт,наименование нормативного правового акта,наименование нпа	16	40					False
rubudgetcode	budgetcode		Russian budget code	field	text	budgetcode	10	10					False
rubudgetname	budgetname		Russian budget name	field	text	budgetname	10	10					False
rugrbscode	fedgrbs		Code of GRBS by known name	field	text	grbs_code,grbs,grbscode,codegrbs	4	9					False
rukbkcode	kbk		Russian KBK code	field	text	kbk,кбк	3	3					False
rukbkcoodefull	kbk		Russian KBK code by known full name	field	text	код бюджетной классификации	27	27					False
tofkcode	tofkcode		Russian TOFK (Treasury) code	field	text	tofkcode,tofk_code	8	9					False
tofkname	tofkname		Russian TOFK (Treasury) name	field	text	tofkname	8	8					False
ruskvrcode	kvrcode		Russian budget KVR code	field	text	kvrcode,kvr_code	7	8					False
rucsrcode	csrcode		Russian budget CSR code	field	text	csrcode,csr_code	7	8					False
ruppocode	ppocode		Russian public legal entities (PPO) code	field	text	ppocode	7	7					False
rupponame	pponame		Russian public legal entities (PPO) name	field	text	pponame	7	7					False
rumnnknownfull	rumedmnn		Russian international unpatented name of pharm	field	text	международное непатентованное название (мнн)	44	44					False
rumnnknownshort	rumedmnn		Russian international unpatented name of pharm short name	field	text	мнн,mnn	3	3					False
rumedicinetradenamebyknown	rumedicinetradename		Russian name of medicines	field	text	торговое наименование лекарственного препарата,название лекарственного препарата	33	46					False
rumedicineatcbyknown	atccode		Russian ATC code name by field name	field	text	код атх	7	7					False
ruokpoknown	okpo		Russian OKPO code	field	text	okpo,okpocode,окпо,код по окпо	4	11					False
ruinnknown	inn		Russian INN code by field name	field	text	inn,инн	3	3					False
ruinnfulltext	inn		Russian INN code by fulltext	field	text	идентификационный номер налогоплательщика (инн),идентификационный номер налогоплательщика,identifikatsionnyy_nomer_nalogoplatelshchika_inn	41	48					False
ruogrnfulltext	ogrn		Russian INN code by fulltext	field	text	государственный регистрационный номер записи о создании юридического лица	73	73					False
rukppknown	kpp		Russian KPP code by field name	field	text	kpp	3	3					False
ruogrnknown	ogrn_ogrnip		Russian OGRN code by field name	field	text	ogrn,огрн,код ОГРН/ОГРИП,	0	14					False
ruorgnameknown	orgname		Russian orgname by field	field	text	наименование юридического лица,наименование организации,полное наименование организации,наименование предприятия,наименование учреждения	23	31					False
rupfioknown	person_fullname	person_fullname	Person fullname	field	text	fio,фио,фио руководителя,ф.и.о.,ф.и.о. руководителя,familiya_imya_otchestvo,fio_rukovoditelya,ф и о руководителя	3	23					False
ruspersonworkpositionsfield	rusworkposition		Person field names of common positions	field	text	должность,должность руководителя,chiefposition,dolzhnost,наименование должности	9	22					False
